sample	study	diagnosis	group	age	sex	bmi	country	region	pcr_primers	platform	disease_name	title	disease_name_ab	site	subject_id
ERR1368881	RISK_PRISM_f	UC	1	55.0	male		515F-806R	V4	Illumina MiSeq	USA			UC	feces	
ERR1368886	RISK_PRISM_f	UC	1	31.0	male		515F-806R	V4	Illumina MiSeq	USA			UC	feces	
ERR1368887	RISK_PRISM_f	UC	1	50.0	female		515F-806R	V4	Illumina MiSeq	USA			UC	feces	
ERR1368888	RISK_PRISM_f	UC	1	46.0	female		515F-806R	V4	Illumina MiSeq	USA			UC	feces	
ERR1368889	RISK_PRISM_f	UC	1	36.0	female		515F-806R	V4	Illumina MiSeq	USA			UC	feces	
ERR1368896	RISK_PRISM_f	UC	1	12.0	female		515F-806R	V4	Illumina MiSeq	USA			UC	feces	
ERR1368897	RISK_PRISM_f	UC	1	43.0	female		515F-806R	V4	Illumina MiSeq	USA			UC	feces	
ERR1368903	RISK_PRISM_f	UC	1	74.0	male		515F-806R	V4	Illumina MiSeq	USA			UC	feces	
ERR1368906	RISK_PRISM_f	UC	1	80.0	male		515F-806R	V4	Illumina MiSeq	USA			UC	feces	
ERR1368909	RISK_PRISM_f	UC	1	22.0	male		515F-806R	V4	Illumina MiSeq	USA			UC	feces	
ERR1368913	RISK_PRISM_f	UC	1	41.0	female		515F-806R	V4	Illumina MiSeq	USA			UC	feces	
ERR1368914	RISK_PRISM_f	UC	1	18.0	female		515F-806R	V4	Illumina MiSeq	USA			UC	feces	
ERR1368915	RISK_PRISM_f	UC	1	83.0	male		515F-806R	V4	Illumina MiSeq	USA			UC	feces	
ERR1368919	RISK_PRISM_f	UC	1	44.0	male		515F-806R	V4	Illumina MiSeq	USA			UC	feces	
ERR1368921	RISK_PRISM_f	UC	1	26.0	female		515F-806R	V4	Illumina MiSeq	USA			UC	feces	
ERR1368923	RISK_PRISM_f	UC	1	48.0	male		515F-806R	V4	Illumina MiSeq	USA			UC	feces	
ERR1368925	RISK_PRISM_f	UC	1	33.0	male		515F-806R	V4	Illumina MiSeq	USA			UC	feces	
ERR1368930	RISK_PRISM_f	UC	1	36.0	female		515F-806R	V4	Illumina MiSeq	USA			UC	feces	
ERR1368933	RISK_PRISM_f	UC	1	39.0	female		515F-806R	V4	Illumina MiSeq	USA			UC	feces	
ERR1368935	RISK_PRISM_f	UC	1	50.0	female		515F-806R	V4	Illumina MiSeq	USA			UC	feces	
ERR1368936	RISK_PRISM_f	UC	1	67.0	male		515F-806R	V4	Illumina MiSeq	USA			UC	feces	
ERR1368937	RISK_PRISM_f	UC	1	69.0	male		515F-806R	V4	Illumina MiSeq	USA			UC	feces	
ERR1368938	RISK_PRISM_f	UC	1	24.0	male		515F-806R	V4	Illumina MiSeq	USA			UC	feces	
ERR1368940	RISK_PRISM_f	UC	1	53.0	female		515F-806R	V4	Illumina MiSeq	USA			UC	feces	
ERR1368950	RISK_PRISM_f	UC	1	18.0	female		515F-806R	V4	Illumina MiSeq	USA			UC	feces	
ERR1368952	RISK_PRISM_f	UC	1	53.0	female		515F-806R	V4	Illumina MiSeq	USA			UC	feces	
ERR1368955	RISK_PRISM_f	UC	1	61.0	male		515F-806R	V4	Illumina MiSeq	USA			UC	feces	
ERR1368956	RISK_PRISM_f	UC	1	74.0	female		515F-806R	V4	Illumina MiSeq	USA			UC	feces	
ERR1368958	RISK_PRISM_f	UC	1	23.0	male		515F-806R	V4	Illumina MiSeq	USA			UC	feces	
ERR1368959	RISK_PRISM_f	UC	1	60.0	female		515F-806R	V4	Illumina MiSeq	USA			UC	feces	
ERR1368961	RISK_PRISM_f	UC	1	50.0	female		515F-806R	V4	Illumina MiSeq	USA			UC	feces	
ERR1368962	RISK_PRISM_f	UC	1	27.0	male		515F-806R	V4	Illumina MiSeq	USA			UC	feces	
ERR1368966	RISK_PRISM_f	UC	1	51.0	female		515F-806R	V4	Illumina MiSeq	USA			UC	feces	
ERR1368967	RISK_PRISM_f	UC	1	35.0	male		515F-806R	V4	Illumina MiSeq	USA			UC	feces	
ERR1368968	RISK_PRISM_f	UC	1	19.0	male		515F-806R	V4	Illumina MiSeq	USA			UC	feces	
ERR1368970	RISK_PRISM_f	no	0	22.0	female		515F-806R	V4	Illumina MiSeq	USA			UC	feces	
ERR1368971	RISK_PRISM_f	no	0	29.0	female		515F-806R	V4	Illumina MiSeq	USA			UC	feces	
ERR1368972	RISK_PRISM_f	no	0	30.0	female		515F-806R	V4	Illumina MiSeq	USA			UC	feces	
ERR1368973	RISK_PRISM_f	no	0	23.0	male		515F-806R	V4	Illumina MiSeq	USA			UC	feces	
ERR1368980	RISK_PRISM_f	UC	1	68.0	male		515F-806R	V4	Illumina MiSeq	USA			UC	feces	
ERR1368986	RISK_PRISM_f	UC	1	34.0	male		515F-806R	V4	Illumina MiSeq	USA			UC	feces	
ERR1368987	RISK_PRISM_f	UC	1	48.0	female		515F-806R	V4	Illumina MiSeq	USA			UC	feces	
ERR1368992	RISK_PRISM_f	UC	1	20.0	male		515F-806R	V4	Illumina MiSeq	USA			UC	feces	
ERR1368994	RISK_PRISM_f	UC	1	34.0	female		515F-806R	V4	Illumina MiSeq	USA			UC	feces	
ERR1368996	RISK_PRISM_f	UC	1	27.0	female		515F-806R	V4	Illumina MiSeq	USA			UC	feces	
ERR1368999	RISK_PRISM_f	UC	1	63.0	female		515F-806R	V4	Illumina MiSeq	USA			UC	feces	
ERR1369009	RISK_PRISM_f	UC	1	27.0	male		515F-806R	V4	Illumina MiSeq	USA			UC	feces	
ERR1369013	RISK_PRISM_f	UC	1	64.0	male		515F-806R	V4	Illumina MiSeq	USA			UC	feces	
ERR1369023	RISK_PRISM_f	UC	1	65.0	male		515F-806R	V4	Illumina MiSeq	USA			UC	feces	
ERR1369025	RISK_PRISM_f	UC	1	47.0	male		515F-806R	V4	Illumina MiSeq	USA			UC	feces	
ERR1369026	RISK_PRISM_f	UC	1	46.0	female		515F-806R	V4	Illumina MiSeq	USA			UC	feces	
ERR1369027	RISK_PRISM_f	UC	1	72.0	female		515F-806R	V4	Illumina MiSeq	USA			UC	feces	
ERR1369029	RISK_PRISM_f	UC	1	49.0	male		515F-806R	V4	Illumina MiSeq	USA			UC	feces	
ERR1369038	RISK_PRISM_f	no	0	57.0	female		515F-806R	V4	Illumina MiSeq	USA			UC	feces	
ERR1369045	RISK_PRISM_f	UC	1	21.0	male		515F-806R	V4	Illumina MiSeq	USA			UC	feces	
ERR1369046	RISK_PRISM_f	UC	1	26.0	male		515F-806R	V4	Illumina MiSeq	USA			UC	feces	
ERR1369064	RISK_PRISM_f	UC	1	21.0	female		515F-806R	V4	Illumina MiSeq	USA			UC	feces	
ERR1369067	RISK_PRISM_f	UC	1	64.0	female		515F-806R	V4	Illumina MiSeq	USA			UC	feces	
ERR1369068	RISK_PRISM_f	UC	1	36.0	female		515F-806R	V4	Illumina MiSeq	USA			UC	feces	
ERR1369074	RISK_PRISM_f	UC	1	71.0	male		515F-806R	V4	Illumina MiSeq	USA			UC	feces	
ERR1369077	RISK_PRISM_f	UC	1	39.0	male		515F-806R	V4	Illumina MiSeq	USA			UC	feces	
ERR1369080	RISK_PRISM_f	UC	1	31.0	male		515F-806R	V4	Illumina MiSeq	USA			UC	feces	
ERR1369081	RISK_PRISM_f	UC	1	31.0	male		515F-806R	V4	Illumina MiSeq	USA			UC	feces	
ERR1369082	RISK_PRISM_f	UC	1	31.0	male		515F-806R	V4	Illumina MiSeq	USA			UC	feces	
ERR1369083	RISK_PRISM_f	UC	1	31.0	male		515F-806R	V4	Illumina MiSeq	USA			UC	feces	
ERR1369084	RISK_PRISM_f	UC	1	31.0	male		515F-806R	V4	Illumina MiSeq	USA			UC	feces	
ERR1369085	RISK_PRISM_f	UC	1	31.0	male		515F-806R	V4	Illumina MiSeq	USA			UC	feces	
ERR1369086	RISK_PRISM_f	UC	1	31.0	male		515F-806R	V4	Illumina MiSeq	USA			UC	feces	
ERR1369087	RISK_PRISM_f	UC	1	31.0	male		515F-806R	V4	Illumina MiSeq	USA			UC	feces	
ERR1369088	RISK_PRISM_f	UC	1	31.0	male		515F-806R	V4	Illumina MiSeq	USA			UC	feces	
ERR1369089	RISK_PRISM_f	UC	1	31.0	male		515F-806R	V4	Illumina MiSeq	USA			UC	feces	
ERR1369093	RISK_PRISM_f	UC	1	41.0	male		515F-806R	V4	Illumina MiSeq	USA			UC	feces	
ERR1369094	RISK_PRISM_f	UC	1	41.0	male		515F-806R	V4	Illumina MiSeq	USA			UC	feces	
ERR1369095	RISK_PRISM_f	UC	1	24.0	female		515F-806R	V4	Illumina MiSeq	USA			UC	feces	
ERR1369096	RISK_PRISM_f	UC	1	48.0	female		515F-806R	V4	Illumina MiSeq	USA			UC	feces	
ERR1369097	RISK_PRISM_f	UC	1	48.0	female		515F-806R	V4	Illumina MiSeq	USA			UC	feces	
ERR1369100	RISK_PRISM_f	UC	1	23.0	female		515F-806R	V4	Illumina MiSeq	USA			UC	feces	
ERR1369101	RISK_PRISM_f	UC	1	41.0	male		515F-806R	V4	Illumina MiSeq	USA			UC	feces	
ERR1369104	RISK_PRISM_f	UC	1	23.0	female		515F-806R	V4	Illumina MiSeq	USA			UC	feces	
ERR1369108	RISK_PRISM_f	no	0	82.0	male		515F-806R	V4	Illumina MiSeq	USA			UC	feces	
ERR1369109	RISK_PRISM_f	no	0	82.0	male		515F-806R	V4	Illumina MiSeq	USA			UC	feces	
ERR1369113	RISK_PRISM_f	UC	1	21.0	male		515F-806R	V4	Illumina MiSeq	USA			UC	feces	
ERR1369114	RISK_PRISM_f	UC	1	21.0	male		515F-806R	V4	Illumina MiSeq	USA			UC	feces	
ERR1369122	RISK_PRISM_f	UC	1	67.0	male		515F-806R	V4	Illumina MiSeq	USA			UC	feces	
ERR1369128	RISK_PRISM_f	UC	1	22.0	male		515F-806R	V4	Illumina MiSeq	USA			UC	feces	
ERR1369129	RISK_PRISM_f	UC	1	22.0	male		515F-806R	V4	Illumina MiSeq	USA			UC	feces	
ERR1369131	RISK_PRISM_f	UC	1	23.0	female		515F-806R	V4	Illumina MiSeq	USA			UC	feces	
ERR1369159	RISK_PRISM_f	UC	1	21.0	male		515F-806R	V4	Illumina MiSeq	USA			UC	feces	
ERR1369160	RISK_PRISM_f	UC	1	21.0	male		515F-806R	V4	Illumina MiSeq	USA			UC	feces	
ERR1369161	RISK_PRISM_f	UC	1	29.0	female		515F-806R	V4	Illumina MiSeq	USA			UC	feces	
ERR1369162	RISK_PRISM_f	UC	1	29.0	female		515F-806R	V4	Illumina MiSeq	USA			UC	feces	
ERR1370265	RISK_PRISM_f	UC	1	15.08333333	female		515F-806R	V4	Illumina MiSeq	USA			UC	feces	
ERR1370267	RISK_PRISM_f	UC	1	14.41666667	female		515F-806R	V4	Illumina MiSeq	USA			UC	feces	
ERR1370277	RISK_PRISM_f	UC	1	17.08333333	male		515F-806R	V4	Illumina MiSeq	USA			UC	feces	
ERR1370283	RISK_PRISM_f	UC	1	14.08333333	female		515F-806R	V4	Illumina MiSeq	USA			UC	feces	
ERR1370291	RISK_PRISM_f	no	0	15.58333333	male		515F-806R	V4	Illumina MiSeq	USA			UC	feces	
ERR1370292	RISK_PRISM_f	no	0	12.5	male		515F-806R	V4	Illumina MiSeq	USA			UC	feces	
ERR1370293	RISK_PRISM_f	UC	1	15.41666667	male		515F-806R	V4	Illumina MiSeq	USA			UC	feces	
ERR1370296	RISK_PRISM_f	no	0	11.33333333	male		515F-806R	V4	Illumina MiSeq	USA			UC	feces	
ERR1370299	RISK_PRISM_f	no	0	8.333333333	female		515F-806R	V4	Illumina MiSeq	USA			UC	feces	
ERR1370303	RISK_PRISM_f	no	0	12.66666667	male		515F-806R	V4	Illumina MiSeq	USA			UC	feces	
ERR1370306	RISK_PRISM_f	no	0	11.83333333	male		515F-806R	V4	Illumina MiSeq	USA			UC	feces	
ERR1370309	RISK_PRISM_f	UC	1	8.5	female		515F-806R	V4	Illumina MiSeq	USA			UC	feces	
ERR1370313	RISK_PRISM_f	UC	1	10.25	male		515F-806R	V4	Illumina MiSeq	USA			UC	feces	
ERR1370323	RISK_PRISM_f	no	0	9.833333333	female		515F-806R	V4	Illumina MiSeq	USA			UC	feces	
ERR1370326	RISK_PRISM_f	no	0		male		515F-806R	V4	Illumina MiSeq	USA			UC	feces	
ERR1370336	RISK_PRISM_f	no	0		male		515F-806R	V4	Illumina MiSeq	USA			UC	feces	
ERR1370338	RISK_PRISM_f	no	0	3.0	male		515F-806R	V4	Illumina MiSeq	USA			UC	feces	
ERR1370339	RISK_PRISM_f	no	0	7.75	male		515F-806R	V4	Illumina MiSeq	USA			UC	feces	
ERR1370342	RISK_PRISM_f	no	0	12.83333333	male		515F-806R	V4	Illumina MiSeq	USA			UC	feces	
ERR1370344	RISK_PRISM_f	UC	1	13.75	male		515F-806R	V4	Illumina MiSeq	USA			UC	feces	
ERR1370353	RISK_PRISM_f	no	0	12.33333333	female		515F-806R	V4	Illumina MiSeq	USA			UC	feces	
ERR1370357	RISK_PRISM_f	UC	1	10.91666667	female		515F-806R	V4	Illumina MiSeq	USA			UC	feces	
ERR1370359	RISK_PRISM_f	UC	1	6.75	female		515F-806R	V4	Illumina MiSeq	USA			UC	feces	
ERR1370361	RISK_PRISM_f	no	0	12.75	male		515F-806R	V4	Illumina MiSeq	USA			UC	feces	
ERR1370362	RISK_PRISM_f	no	0		male		515F-806R	V4	Illumina MiSeq	USA			UC	feces	
ERR1370363	RISK_PRISM_f	no	0		male		515F-806R	V4	Illumina MiSeq	USA			UC	feces	
ERR1370372	RISK_PRISM_f	UC	1	12.58333333	female		515F-806R	V4	Illumina MiSeq	USA			UC	feces	
ERR1370373	RISK_PRISM_f	no	0	15.66666667	female		515F-806R	V4	Illumina MiSeq	USA			UC	feces	
ERR1370377	RISK_PRISM_f	UC	1	6.916666667	male		515F-806R	V4	Illumina MiSeq	USA			UC	feces	
ERR1370379	RISK_PRISM_f	UC	1	11.83333333	female		515F-806R	V4	Illumina MiSeq	USA			UC	feces	
ERR1370381	RISK_PRISM_f	no	0	14.91666667	female		515F-806R	V4	Illumina MiSeq	USA			UC	feces	
ERR1370382	RISK_PRISM_f	no	0	15.16666667	male		515F-806R	V4	Illumina MiSeq	USA			UC	feces	
ERR1370385	RISK_PRISM_f	no	0	12.66666667	male		515F-806R	V4	Illumina MiSeq	USA			UC	feces	
ERR1370386	RISK_PRISM_f	UC	1	11.75	female		515F-806R	V4	Illumina MiSeq	USA			UC	feces	
ERR1370389	RISK_PRISM_f	UC	1	14.5	female		515F-806R	V4	Illumina MiSeq	USA			UC	feces	
ERR1370435	RISK_PRISM_f	UC	1	7.5	male		515F-806R	V4	Illumina MiSeq	USA			UC	feces	
ERR1370439	RISK_PRISM_f	no	0	5.5	male		515F-806R	V4	Illumina MiSeq	USA			UC	feces	
ERR1370440	RISK_PRISM_f	UC	1	7.25	male		515F-806R	V4	Illumina MiSeq	USA			UC	feces	
ERR1370441	RISK_PRISM_f	no	0	15.66666667	male		515F-806R	V4	Illumina MiSeq	USA			UC	feces	
ERR1370449	RISK_PRISM_f	no	0	10.75	female		515F-806R	V4	Illumina MiSeq	USA			UC	feces	
ERR1370463	RISK_PRISM_f	UC	1	16.75	female		515F-806R	V4	Illumina MiSeq	USA			UC	feces	
ERR1370471	RISK_PRISM_f	UC	1	14.0	male		515F-806R	V4	Illumina MiSeq	USA			UC	feces	
ERR1370477	RISK_PRISM_f	UC	1	12.83333333	female		515F-806R	V4	Illumina MiSeq	USA			UC	feces	
ERR1370479	RISK_PRISM_f	no	0	11.91666667	female		515F-806R	V4	Illumina MiSeq	USA			UC	feces	
ERR1370488	RISK_PRISM_f	UC	1	16.16666667	female		515F-806R	V4	Illumina MiSeq	USA			UC	feces	
ERR1370492	RISK_PRISM_f	no	0	15.83333333	female		515F-806R	V4	Illumina MiSeq	USA			UC	feces	
ERR1370493	RISK_PRISM_f	no	0	15.5	female		515F-806R	V4	Illumina MiSeq	USA			UC	feces	
ERR1370495	RISK_PRISM_f	UC	1	16.33333333	male		515F-806R	V4	Illumina MiSeq	USA			UC	feces	
ERR1370505	RISK_PRISM_f	no	0	14.25	male		515F-806R	V4	Illumina MiSeq	USA			UC	feces	
ERR1370515	RISK_PRISM_f	UC	1	11.58333333	male		515F-806R	V4	Illumina MiSeq	USA			UC	feces	
ERR1370516	RISK_PRISM_f	no	0	16.91666667	female		515F-806R	V4	Illumina MiSeq	USA			UC	feces	
ERR1370524	RISK_PRISM_f	UC	1	10.58333333	female		515F-806R	V4	Illumina MiSeq	USA			UC	feces	
ERR1746344	qiita_1629	UC	1		female	missing: not provided	Sweden	V4	FWD:GTGCCAGCMGCCGCGGTAA; REV:GGACTACHVGGGTWTCTAAT	Illumina HiSeq 2000			UC	feces	67.88819444
ERR1746345	qiita_1629	UC	1		female	missing: not provided	Sweden	V4	FWD:GTGCCAGCMGCCGCGGTAA; REV:GGACTACHVGGGTWTCTAAT	Illumina HiSeq 2000			UC	feces	67.88819444
ERR1746346	qiita_1629	UC	1		female	missing: not provided	Sweden	V4	FWD:GTGCCAGCMGCCGCGGTAA; REV:GGACTACHVGGGTWTCTAAT	Illumina HiSeq 2000			UC	feces	67.88819444
ERR1746347	qiita_1629	UC	1		female	missing: not provided	Sweden	V4	FWD:GTGCCAGCMGCCGCGGTAA; REV:GGACTACHVGGGTWTCTAAT	Illumina HiSeq 2000			UC	feces	67.88819444
ERR1746348	qiita_1629	UC	1		female	25	Sweden	V4	FWD:GTGCCAGCMGCCGCGGTAA; REV:GGACTACHVGGGTWTCTAAT	Illumina HiSeq 2000			UC	feces	67.88958333
ERR1746349	qiita_1629	UC	1		female	25	Sweden	V4	FWD:GTGCCAGCMGCCGCGGTAA; REV:GGACTACHVGGGTWTCTAAT	Illumina HiSeq 2000			UC	feces	67.88958333
ERR1746350	qiita_1629	UC	1		female	25	Sweden	V4	FWD:GTGCCAGCMGCCGCGGTAA; REV:GGACTACHVGGGTWTCTAAT	Illumina HiSeq 2000			UC	feces	67.88958333
ERR1746351	qiita_1629	UC	1		female	25	Sweden	V4	FWD:GTGCCAGCMGCCGCGGTAA; REV:GGACTACHVGGGTWTCTAAT	Illumina HiSeq 2000			UC	feces	67.88958333
ERR1746352	qiita_1629	UC	1		female	25	Sweden	V4	FWD:GTGCCAGCMGCCGCGGTAA; REV:GGACTACHVGGGTWTCTAAT	Illumina HiSeq 2000			UC	feces	67.88958333
ERR1746353	qiita_1629	UC	1		female	25	Sweden	V4	FWD:GTGCCAGCMGCCGCGGTAA; REV:GGACTACHVGGGTWTCTAAT	Illumina HiSeq 2000			UC	feces	67.88958333
ERR1746354	qiita_1629	UC	1		female	25	Sweden	V4	FWD:GTGCCAGCMGCCGCGGTAA; REV:GGACTACHVGGGTWTCTAAT	Illumina HiSeq 2000			UC	feces	67.88958333
ERR1746355	qiita_1629	UC	1		male	21	Sweden	V4	FWD:GTGCCAGCMGCCGCGGTAA; REV:GGACTACHVGGGTWTCTAAT	Illumina HiSeq 2000			UC	feces	67.89652778
ERR1746356	qiita_1629	UC	1		male	21	Sweden	V4	FWD:GTGCCAGCMGCCGCGGTAA; REV:GGACTACHVGGGTWTCTAAT	Illumina HiSeq 2000			UC	feces	67.89652778
ERR1746357	qiita_1629	UC	1		male	21	Sweden	V4	FWD:GTGCCAGCMGCCGCGGTAA; REV:GGACTACHVGGGTWTCTAAT	Illumina HiSeq 2000			UC	feces	67.89652778
ERR1746358	qiita_1629	UC	1		male	21	Sweden	V4	FWD:GTGCCAGCMGCCGCGGTAA; REV:GGACTACHVGGGTWTCTAAT	Illumina HiSeq 2000			UC	feces	67.89652778
ERR1746359	qiita_1629	UC	1		male	24	Sweden	V4	FWD:GTGCCAGCMGCCGCGGTAA; REV:GGACTACHVGGGTWTCTAAT	Illumina HiSeq 2000			UC	feces	67.90972222
ERR1746360	qiita_1629	UC	1		male	24	Sweden	V4	FWD:GTGCCAGCMGCCGCGGTAA; REV:GGACTACHVGGGTWTCTAAT	Illumina HiSeq 2000			UC	feces	67.90972222
ERR1746373	qiita_1629	UC	1		female	19	Sweden	V4	FWD:GTGCCAGCMGCCGCGGTAA; REV:GGACTACHVGGGTWTCTAAT	Illumina HiSeq 2000			UC	feces	1629:78
ERR1746374	qiita_1629	UC	1		female	19	Sweden	V4	FWD:GTGCCAGCMGCCGCGGTAA; REV:GGACTACHVGGGTWTCTAAT	Illumina HiSeq 2000			UC	feces	1629:78
ERR1746375	qiita_1629	UC	1		female	19	Sweden	V4	FWD:GTGCCAGCMGCCGCGGTAA; REV:GGACTACHVGGGTWTCTAAT	Illumina HiSeq 2000			UC	feces	1629:78
ERR1746376	qiita_1629	UC	1		female	19	Sweden	V4	FWD:GTGCCAGCMGCCGCGGTAA; REV:GGACTACHVGGGTWTCTAAT	Illumina HiSeq 2000			UC	feces	1629:78
ERR1746377	qiita_1629	UC	1		female	19	Sweden	V4	FWD:GTGCCAGCMGCCGCGGTAA; REV:GGACTACHVGGGTWTCTAAT	Illumina HiSeq 2000			UC	feces	1629:78
ERR1746378	qiita_1629	UC	1		female	19	Sweden	V4	FWD:GTGCCAGCMGCCGCGGTAA; REV:GGACTACHVGGGTWTCTAAT	Illumina HiSeq 2000			UC	feces	1629:78
ERR1746379	qiita_1629	UC	1		female	19	Sweden	V4	FWD:GTGCCAGCMGCCGCGGTAA; REV:GGACTACHVGGGTWTCTAAT	Illumina HiSeq 2000			UC	feces	1629:78
ERR1746380	qiita_1629	UC	1		female	19	Sweden	V4	FWD:GTGCCAGCMGCCGCGGTAA; REV:GGACTACHVGGGTWTCTAAT	Illumina HiSeq 2000			UC	feces	1629:78
ERR1746392	qiita_1629	UC	1		male	24	Sweden	V4	FWD:GTGCCAGCMGCCGCGGTAA; REV:GGACTACHVGGGTWTCTAAT	Illumina HiSeq 2000			UC	feces	1629:122
ERR1746393	qiita_1629	UC	1		male	24	Sweden	V4	FWD:GTGCCAGCMGCCGCGGTAA; REV:GGACTACHVGGGTWTCTAAT	Illumina HiSeq 2000			UC	feces	1629:122
ERR1746394	qiita_1629	UC	1		male	24	Sweden	V4	FWD:GTGCCAGCMGCCGCGGTAA; REV:GGACTACHVGGGTWTCTAAT	Illumina HiSeq 2000			UC	feces	1629:122
ERR1746395	qiita_1629	UC	1		male	24	Sweden	V4	FWD:GTGCCAGCMGCCGCGGTAA; REV:GGACTACHVGGGTWTCTAAT	Illumina HiSeq 2000			UC	feces	1629:122
ERR1746396	qiita_1629	UC	1		male	24	Sweden	V4	FWD:GTGCCAGCMGCCGCGGTAA; REV:GGACTACHVGGGTWTCTAAT	Illumina HiSeq 2000			UC	feces	1629:122
ERR1746397	qiita_1629	UC	1		male	24	Sweden	V4	FWD:GTGCCAGCMGCCGCGGTAA; REV:GGACTACHVGGGTWTCTAAT	Illumina HiSeq 2000			UC	feces	1629:122
ERR1746398	qiita_1629	UC	1		male	24	Sweden	V4	FWD:GTGCCAGCMGCCGCGGTAA; REV:GGACTACHVGGGTWTCTAAT	Illumina HiSeq 2000			UC	feces	1629:122
ERR1746399	qiita_1629	UC	1		male	24	Sweden	V4	FWD:GTGCCAGCMGCCGCGGTAA; REV:GGACTACHVGGGTWTCTAAT	Illumina HiSeq 2000			UC	feces	1629:122
ERR1746404	qiita_1629	UC	1		female	24	Sweden	V4	FWD:GTGCCAGCMGCCGCGGTAA; REV:GGACTACHVGGGTWTCTAAT	Illumina HiSeq 2000			UC	feces	1629:136
ERR1746405	qiita_1629	UC	1		female	24	Sweden	V4	FWD:GTGCCAGCMGCCGCGGTAA; REV:GGACTACHVGGGTWTCTAAT	Illumina HiSeq 2000			UC	feces	1629:136
ERR1746406	qiita_1629	UC	1		female	24	Sweden	V4	FWD:GTGCCAGCMGCCGCGGTAA; REV:GGACTACHVGGGTWTCTAAT	Illumina HiSeq 2000			UC	feces	1629:136
ERR1746407	qiita_1629	UC	1		female	24	Sweden	V4	FWD:GTGCCAGCMGCCGCGGTAA; REV:GGACTACHVGGGTWTCTAAT	Illumina HiSeq 2000			UC	feces	1629:136
ERR1746408	qiita_1629	UC	1		female	24	Sweden	V4	FWD:GTGCCAGCMGCCGCGGTAA; REV:GGACTACHVGGGTWTCTAAT	Illumina HiSeq 2000			UC	feces	1629:136
ERR1746409	qiita_1629	UC	1		female	24	Sweden	V4	FWD:GTGCCAGCMGCCGCGGTAA; REV:GGACTACHVGGGTWTCTAAT	Illumina HiSeq 2000			UC	feces	1629:136
ERR1746410	qiita_1629	UC	1		male	26	Sweden	V4	FWD:GTGCCAGCMGCCGCGGTAA; REV:GGACTACHVGGGTWTCTAAT	Illumina HiSeq 2000			UC	feces	1629:138
ERR1746411	qiita_1629	UC	1		male	26	Sweden	V4	FWD:GTGCCAGCMGCCGCGGTAA; REV:GGACTACHVGGGTWTCTAAT	Illumina HiSeq 2000			UC	feces	1629:138
ERR1746412	qiita_1629	UC	1		male	26	Sweden	V4	FWD:GTGCCAGCMGCCGCGGTAA; REV:GGACTACHVGGGTWTCTAAT	Illumina HiSeq 2000			UC	feces	1629:138
ERR1746413	qiita_1629	UC	1		male	26	Sweden	V4	FWD:GTGCCAGCMGCCGCGGTAA; REV:GGACTACHVGGGTWTCTAAT	Illumina HiSeq 2000			UC	feces	1629:138
ERR1746414	qiita_1629	UC	1		male	26	Sweden	V4	FWD:GTGCCAGCMGCCGCGGTAA; REV:GGACTACHVGGGTWTCTAAT	Illumina HiSeq 2000			UC	feces	1629:138
ERR1746415	qiita_1629	UC	1		male	26	Sweden	V4	FWD:GTGCCAGCMGCCGCGGTAA; REV:GGACTACHVGGGTWTCTAAT	Illumina HiSeq 2000			UC	feces	1629:138
ERR1746416	qiita_1629	UC	1		male	26	Sweden	V4	FWD:GTGCCAGCMGCCGCGGTAA; REV:GGACTACHVGGGTWTCTAAT	Illumina HiSeq 2000			UC	feces	1629:138
ERR1746423	qiita_1629	UC	1		female	27	Sweden	V4	FWD:GTGCCAGCMGCCGCGGTAA; REV:GGACTACHVGGGTWTCTAAT	Illumina HiSeq 2000			UC	feces	1629:143
ERR1746424	qiita_1629	UC	1		female	27	Sweden	V4	FWD:GTGCCAGCMGCCGCGGTAA; REV:GGACTACHVGGGTWTCTAAT	Illumina HiSeq 2000			UC	feces	1629:143
ERR1746425	qiita_1629	UC	1		female	27	Sweden	V4	FWD:GTGCCAGCMGCCGCGGTAA; REV:GGACTACHVGGGTWTCTAAT	Illumina HiSeq 2000			UC	feces	1629:143
ERR1746426	qiita_1629	UC	1		female	27	Sweden	V4	FWD:GTGCCAGCMGCCGCGGTAA; REV:GGACTACHVGGGTWTCTAAT	Illumina HiSeq 2000			UC	feces	1629:143
ERR1746427	qiita_1629	UC	1		female	23	Sweden	V4	FWD:GTGCCAGCMGCCGCGGTAA; REV:GGACTACHVGGGTWTCTAAT	Illumina HiSeq 2000			UC	feces	1629:147
ERR1746428	qiita_1629	UC	1		female	30	Sweden	V4	FWD:GTGCCAGCMGCCGCGGTAA; REV:GGACTACHVGGGTWTCTAAT	Illumina HiSeq 2000			UC	feces	1629:152
ERR1746429	qiita_1629	UC	1		female	30	Sweden	V4	FWD:GTGCCAGCMGCCGCGGTAA; REV:GGACTACHVGGGTWTCTAAT	Illumina HiSeq 2000			UC	feces	1629:152
ERR1746430	qiita_1629	UC	1		female	30	Sweden	V4	FWD:GTGCCAGCMGCCGCGGTAA; REV:GGACTACHVGGGTWTCTAAT	Illumina HiSeq 2000			UC	feces	1629:152
ERR1746431	qiita_1629	UC	1		female	30	Sweden	V4	FWD:GTGCCAGCMGCCGCGGTAA; REV:GGACTACHVGGGTWTCTAAT	Illumina HiSeq 2000			UC	feces	1629:152
ERR1746432	qiita_1629	UC	1		female	30	Sweden	V4	FWD:GTGCCAGCMGCCGCGGTAA; REV:GGACTACHVGGGTWTCTAAT	Illumina HiSeq 2000			UC	feces	1629:152
ERR1746433	qiita_1629	UC	1		male	27	Sweden	V4	FWD:GTGCCAGCMGCCGCGGTAA; REV:GGACTACHVGGGTWTCTAAT	Illumina HiSeq 2000			UC	feces	1629:162
ERR1746435	qiita_1629	UC	1		male	27	Sweden	V4	FWD:GTGCCAGCMGCCGCGGTAA; REV:GGACTACHVGGGTWTCTAAT	Illumina HiSeq 2000			UC	feces	1629:162
ERR1746436	qiita_1629	UC	1		male	27	Sweden	V4	FWD:GTGCCAGCMGCCGCGGTAA; REV:GGACTACHVGGGTWTCTAAT	Illumina HiSeq 2000			UC	feces	1629:162
ERR1746437	qiita_1629	UC	1		male	27	Sweden	V4	FWD:GTGCCAGCMGCCGCGGTAA; REV:GGACTACHVGGGTWTCTAAT	Illumina HiSeq 2000			UC	feces	1629:162
ERR1746438	qiita_1629	UC	1		male	27	Sweden	V4	FWD:GTGCCAGCMGCCGCGGTAA; REV:GGACTACHVGGGTWTCTAAT	Illumina HiSeq 2000			UC	feces	1629:162
ERR1746439	qiita_1629	UC	1		male	27	Sweden	V4	FWD:GTGCCAGCMGCCGCGGTAA; REV:GGACTACHVGGGTWTCTAAT	Illumina HiSeq 2000			UC	feces	1629:162
ERR1746464	qiita_1629	UC	1		female	26	Sweden	V4	FWD:GTGCCAGCMGCCGCGGTAA; REV:GGACTACHVGGGTWTCTAAT	Illumina HiSeq 2000			UC	feces	1629:195
ERR1746465	qiita_1629	UC	1		female	26	Sweden	V4	FWD:GTGCCAGCMGCCGCGGTAA; REV:GGACTACHVGGGTWTCTAAT	Illumina HiSeq 2000			UC	feces	1629:195
ERR1746466	qiita_1629	UC	1		female	26	Sweden	V4	FWD:GTGCCAGCMGCCGCGGTAA; REV:GGACTACHVGGGTWTCTAAT	Illumina HiSeq 2000			UC	feces	1629:195
ERR1746467	qiita_1629	UC	1		female	26	Sweden	V4	FWD:GTGCCAGCMGCCGCGGTAA; REV:GGACTACHVGGGTWTCTAAT	Illumina HiSeq 2000			UC	feces	1629:195
ERR1746468	qiita_1629	UC	1		male	27	Sweden	V4	FWD:GTGCCAGCMGCCGCGGTAA; REV:GGACTACHVGGGTWTCTAAT	Illumina HiSeq 2000			UC	feces	1629:206
ERR1746469	qiita_1629	UC	1		male	27	Sweden	V4	FWD:GTGCCAGCMGCCGCGGTAA; REV:GGACTACHVGGGTWTCTAAT	Illumina HiSeq 2000			UC	feces	1629:206
ERR1746470	qiita_1629	UC	1		male	27	Sweden	V4	FWD:GTGCCAGCMGCCGCGGTAA; REV:GGACTACHVGGGTWTCTAAT	Illumina HiSeq 2000			UC	feces	1629:206
ERR1746471	qiita_1629	UC	1		male	27	Sweden	V4	FWD:GTGCCAGCMGCCGCGGTAA; REV:GGACTACHVGGGTWTCTAAT	Illumina HiSeq 2000			UC	feces	1629:206
ERR1746472	qiita_1629	UC	1		male	27	Sweden	V4	FWD:GTGCCAGCMGCCGCGGTAA; REV:GGACTACHVGGGTWTCTAAT	Illumina HiSeq 2000			UC	feces	1629:206
ERR1746473	qiita_1629	UC	1		male	27	Sweden	V4	FWD:GTGCCAGCMGCCGCGGTAA; REV:GGACTACHVGGGTWTCTAAT	Illumina HiSeq 2000			UC	feces	1629:206
ERR1746474	qiita_1629	UC	1		male	27	Sweden	V4	FWD:GTGCCAGCMGCCGCGGTAA; REV:GGACTACHVGGGTWTCTAAT	Illumina HiSeq 2000			UC	feces	1629:206
ERR1746475	qiita_1629	UC	1		male	27	Sweden	V4	FWD:GTGCCAGCMGCCGCGGTAA; REV:GGACTACHVGGGTWTCTAAT	Illumina HiSeq 2000			UC	feces	1629:206
ERR1746485	qiita_1629	UC	1		female	24	Sweden	V4	FWD:GTGCCAGCMGCCGCGGTAA; REV:GGACTACHVGGGTWTCTAAT	Illumina HiSeq 2000			UC	feces	1629:235
ERR1746486	qiita_1629	UC	1		female	24	Sweden	V4	FWD:GTGCCAGCMGCCGCGGTAA; REV:GGACTACHVGGGTWTCTAAT	Illumina HiSeq 2000			UC	feces	1629:235
ERR1746487	qiita_1629	UC	1		female	24	Sweden	V4	FWD:GTGCCAGCMGCCGCGGTAA; REV:GGACTACHVGGGTWTCTAAT	Illumina HiSeq 2000			UC	feces	1629:235
ERR1746488	qiita_1629	UC	1		female	24	Sweden	V4	FWD:GTGCCAGCMGCCGCGGTAA; REV:GGACTACHVGGGTWTCTAAT	Illumina HiSeq 2000			UC	feces	1629:235
ERR1746489	qiita_1629	UC	1		female	24	Sweden	V4	FWD:GTGCCAGCMGCCGCGGTAA; REV:GGACTACHVGGGTWTCTAAT	Illumina HiSeq 2000			UC	feces	1629:235
ERR1746490	qiita_1629	UC	1		female	24	Sweden	V4	FWD:GTGCCAGCMGCCGCGGTAA; REV:GGACTACHVGGGTWTCTAAT	Illumina HiSeq 2000			UC	feces	1629:235
ERR1746491	qiita_1629	UC	1		female	24	Sweden	V4	FWD:GTGCCAGCMGCCGCGGTAA; REV:GGACTACHVGGGTWTCTAAT	Illumina HiSeq 2000			UC	feces	1629:235
ERR1746492	qiita_1629	UC	1		female	24	Sweden	V4	FWD:GTGCCAGCMGCCGCGGTAA; REV:GGACTACHVGGGTWTCTAAT	Illumina HiSeq 2000			UC	feces	1629:235
ERR1746493	qiita_1629	UC	1		male	25	Sweden	V4	FWD:GTGCCAGCMGCCGCGGTAA; REV:GGACTACHVGGGTWTCTAAT	Illumina HiSeq 2000			UC	feces	1629:242
ERR1746494	qiita_1629	UC	1		male	25	Sweden	V4	FWD:GTGCCAGCMGCCGCGGTAA; REV:GGACTACHVGGGTWTCTAAT	Illumina HiSeq 2000			UC	feces	1629:242
ERR1746495	qiita_1629	UC	1		male	25	Sweden	V4	FWD:GTGCCAGCMGCCGCGGTAA; REV:GGACTACHVGGGTWTCTAAT	Illumina HiSeq 2000			UC	feces	1629:242
ERR1746496	qiita_1629	UC	1		male	25	Sweden	V4	FWD:GTGCCAGCMGCCGCGGTAA; REV:GGACTACHVGGGTWTCTAAT	Illumina HiSeq 2000			UC	feces	1629:242
ERR1746497	qiita_1629	UC	1		male	25	Sweden	V4	FWD:GTGCCAGCMGCCGCGGTAA; REV:GGACTACHVGGGTWTCTAAT	Illumina HiSeq 2000			UC	feces	1629:242
ERR1746498	qiita_1629	UC	1		male	25	Sweden	V4	FWD:GTGCCAGCMGCCGCGGTAA; REV:GGACTACHVGGGTWTCTAAT	Illumina HiSeq 2000			UC	feces	1629:242
ERR1746506	qiita_1629	UC	1		female	32	Sweden	V4	FWD:GTGCCAGCMGCCGCGGTAA; REV:GGACTACHVGGGTWTCTAAT	Illumina HiSeq 2000			UC	feces	1629:251
ERR1746507	qiita_1629	UC	1		female	32	Sweden	V4	FWD:GTGCCAGCMGCCGCGGTAA; REV:GGACTACHVGGGTWTCTAAT	Illumina HiSeq 2000			UC	feces	1629:251
ERR1746508	qiita_1629	UC	1		female	32	Sweden	V4	FWD:GTGCCAGCMGCCGCGGTAA; REV:GGACTACHVGGGTWTCTAAT	Illumina HiSeq 2000			UC	feces	1629:251
ERR1746515	qiita_1629	UC	1		male	missing: not provided	Sweden	V4	FWD:GTGCCAGCMGCCGCGGTAA; REV:GGACTACHVGGGTWTCTAAT	Illumina HiSeq 2000			UC	feces	1629:264
ERR1746516	qiita_1629	UC	1		male	missing: not provided	Sweden	V4	FWD:GTGCCAGCMGCCGCGGTAA; REV:GGACTACHVGGGTWTCTAAT	Illumina HiSeq 2000			UC	feces	1629:264
ERR1746517	qiita_1629	UC	1		male	missing: not provided	Sweden	V4	FWD:GTGCCAGCMGCCGCGGTAA; REV:GGACTACHVGGGTWTCTAAT	Illumina HiSeq 2000			UC	feces	1629:264
ERR1746518	qiita_1629	UC	1		male	missing: not provided	Sweden	V4	FWD:GTGCCAGCMGCCGCGGTAA; REV:GGACTACHVGGGTWTCTAAT	Illumina HiSeq 2000			UC	feces	1629:264
ERR1746519	qiita_1629	UC	1		male	missing: not provided	Sweden	V4	FWD:GTGCCAGCMGCCGCGGTAA; REV:GGACTACHVGGGTWTCTAAT	Illumina HiSeq 2000			UC	feces	1629:264
ERR1746520	qiita_1629	UC	1		male	missing: not provided	Sweden	V4	FWD:GTGCCAGCMGCCGCGGTAA; REV:GGACTACHVGGGTWTCTAAT	Illumina HiSeq 2000			UC	feces	1629:264
ERR1746521	qiita_1629	UC	1		male	missing: not provided	Sweden	V4	FWD:GTGCCAGCMGCCGCGGTAA; REV:GGACTACHVGGGTWTCTAAT	Illumina HiSeq 2000			UC	feces	1629:264
ERR1746522	qiita_1629	UC	1		male	missing: not provided	Sweden	V4	FWD:GTGCCAGCMGCCGCGGTAA; REV:GGACTACHVGGGTWTCTAAT	Illumina HiSeq 2000			UC	feces	1629:264
ERR1746523	qiita_1629	UC	1		male	missing: not provided	Sweden	V4	FWD:GTGCCAGCMGCCGCGGTAA; REV:GGACTACHVGGGTWTCTAAT	Illumina HiSeq 2000			UC	feces	1629:264
ERR1746524	qiita_1629	UC	1		female	29	Sweden	V4	FWD:GTGCCAGCMGCCGCGGTAA; REV:GGACTACHVGGGTWTCTAAT	Illumina HiSeq 2000			UC	feces	1629:284
ERR1746530	qiita_1629	UC	1		male	27	Sweden	V4	FWD:GTGCCAGCMGCCGCGGTAA; REV:GGACTACHVGGGTWTCTAAT	Illumina HiSeq 2000			UC	feces	1629:295
ERR1746531	qiita_1629	UC	1		male	27	Sweden	V4	FWD:GTGCCAGCMGCCGCGGTAA; REV:GGACTACHVGGGTWTCTAAT	Illumina HiSeq 2000			UC	feces	1629:295
ERR1746532	qiita_1629	UC	1		male	27	Sweden	V4	FWD:GTGCCAGCMGCCGCGGTAA; REV:GGACTACHVGGGTWTCTAAT	Illumina HiSeq 2000			UC	feces	1629:295
ERR1746533	qiita_1629	UC	1		male	27	Sweden	V4	FWD:GTGCCAGCMGCCGCGGTAA; REV:GGACTACHVGGGTWTCTAAT	Illumina HiSeq 2000			UC	feces	1629:295
ERR1746534	qiita_1629	UC	1		male	27	Sweden	V4	FWD:GTGCCAGCMGCCGCGGTAA; REV:GGACTACHVGGGTWTCTAAT	Illumina HiSeq 2000			UC	feces	1629:295
ERR1746535	qiita_1629	UC	1		male	27	Sweden	V4	FWD:GTGCCAGCMGCCGCGGTAA; REV:GGACTACHVGGGTWTCTAAT	Illumina HiSeq 2000			UC	feces	1629:295
ERR1746536	qiita_1629	UC	1		male	27	Sweden	V4	FWD:GTGCCAGCMGCCGCGGTAA; REV:GGACTACHVGGGTWTCTAAT	Illumina HiSeq 2000			UC	feces	1629:295
ERR1746537	qiita_1629	UC	1		male	28	Sweden	V4	FWD:GTGCCAGCMGCCGCGGTAA; REV:GGACTACHVGGGTWTCTAAT	Illumina HiSeq 2000			UC	feces	1629:304
ERR1746538	qiita_1629	UC	1		male	28	Sweden	V4	FWD:GTGCCAGCMGCCGCGGTAA; REV:GGACTACHVGGGTWTCTAAT	Illumina HiSeq 2000			UC	feces	1629:304
ERR1746539	qiita_1629	UC	1		male	28	Sweden	V4	FWD:GTGCCAGCMGCCGCGGTAA; REV:GGACTACHVGGGTWTCTAAT	Illumina HiSeq 2000			UC	feces	1629:304
ERR1746540	qiita_1629	UC	1		male	28	Sweden	V4	FWD:GTGCCAGCMGCCGCGGTAA; REV:GGACTACHVGGGTWTCTAAT	Illumina HiSeq 2000			UC	feces	1629:304
ERR1746541	qiita_1629	UC	1		male	28	Sweden	V4	FWD:GTGCCAGCMGCCGCGGTAA; REV:GGACTACHVGGGTWTCTAAT	Illumina HiSeq 2000			UC	feces	1629:304
ERR1746548	qiita_1629	UC	1		male	29	Sweden	V4	FWD:GTGCCAGCMGCCGCGGTAA; REV:GGACTACHVGGGTWTCTAAT	Illumina HiSeq 2000			UC	feces	1629:316
ERR1746549	qiita_1629	UC	1		male	29	Sweden	V4	FWD:GTGCCAGCMGCCGCGGTAA; REV:GGACTACHVGGGTWTCTAAT	Illumina HiSeq 2000			UC	feces	1629:316
ERR1746550	qiita_1629	UC	1		male	29	Sweden	V4	FWD:GTGCCAGCMGCCGCGGTAA; REV:GGACTACHVGGGTWTCTAAT	Illumina HiSeq 2000			UC	feces	1629:316
ERR1746551	qiita_1629	UC	1		male	29	Sweden	V4	FWD:GTGCCAGCMGCCGCGGTAA; REV:GGACTACHVGGGTWTCTAAT	Illumina HiSeq 2000			UC	feces	1629:316
ERR1746552	qiita_1629	UC	1		male	29	Sweden	V4	FWD:GTGCCAGCMGCCGCGGTAA; REV:GGACTACHVGGGTWTCTAAT	Illumina HiSeq 2000			UC	feces	1629:316
ERR1746553	qiita_1629	UC	1		male	29	Sweden	V4	FWD:GTGCCAGCMGCCGCGGTAA; REV:GGACTACHVGGGTWTCTAAT	Illumina HiSeq 2000			UC	feces	1629:316
ERR1746554	qiita_1629	UC	1		male	29	Sweden	V4	FWD:GTGCCAGCMGCCGCGGTAA; REV:GGACTACHVGGGTWTCTAAT	Illumina HiSeq 2000			UC	feces	1629:316
ERR1746555	qiita_1629	UC	1		male	29	Sweden	V4	FWD:GTGCCAGCMGCCGCGGTAA; REV:GGACTACHVGGGTWTCTAAT	Illumina HiSeq 2000			UC	feces	1629:316
ERR1746557	qiita_1629	UC	1		female	18	Sweden	V4	FWD:GTGCCAGCMGCCGCGGTAA; REV:GGACTACHVGGGTWTCTAAT	Illumina HiSeq 2000			UC	feces	1629:319
ERR1746558	qiita_1629	UC	1		male	27	Sweden	V4	FWD:GTGCCAGCMGCCGCGGTAA; REV:GGACTACHVGGGTWTCTAAT	Illumina HiSeq 2000			UC	feces	1629:326
ERR1746559	qiita_1629	UC	1		male	27	Sweden	V4	FWD:GTGCCAGCMGCCGCGGTAA; REV:GGACTACHVGGGTWTCTAAT	Illumina HiSeq 2000			UC	feces	1629:326
ERR1746560	qiita_1629	UC	1		male	27	Sweden	V4	FWD:GTGCCAGCMGCCGCGGTAA; REV:GGACTACHVGGGTWTCTAAT	Illumina HiSeq 2000			UC	feces	1629:326
ERR1746561	qiita_1629	UC	1		male	34	Sweden	V4	FWD:GTGCCAGCMGCCGCGGTAA; REV:GGACTACHVGGGTWTCTAAT	Illumina HiSeq 2000			UC	feces	1629:336
ERR1746562	qiita_1629	UC	1		male	34	Sweden	V4	FWD:GTGCCAGCMGCCGCGGTAA; REV:GGACTACHVGGGTWTCTAAT	Illumina HiSeq 2000			UC	feces	1629:336
ERR1746563	qiita_1629	UC	1		male	34	Sweden	V4	FWD:GTGCCAGCMGCCGCGGTAA; REV:GGACTACHVGGGTWTCTAAT	Illumina HiSeq 2000			UC	feces	1629:336
ERR1746564	qiita_1629	UC	1		male	34	Sweden	V4	FWD:GTGCCAGCMGCCGCGGTAA; REV:GGACTACHVGGGTWTCTAAT	Illumina HiSeq 2000			UC	feces	1629:336
ERR1746565	qiita_1629	UC	1		male	34	Sweden	V4	FWD:GTGCCAGCMGCCGCGGTAA; REV:GGACTACHVGGGTWTCTAAT	Illumina HiSeq 2000			UC	feces	1629:336
ERR1746566	qiita_1629	UC	1		male	34	Sweden	V4	FWD:GTGCCAGCMGCCGCGGTAA; REV:GGACTACHVGGGTWTCTAAT	Illumina HiSeq 2000			UC	feces	1629:336
ERR1746567	qiita_1629	UC	1		female	22	Sweden	V4	FWD:GTGCCAGCMGCCGCGGTAA; REV:GGACTACHVGGGTWTCTAAT	Illumina HiSeq 2000			UC	feces	1629:347
ERR1746568	qiita_1629	UC	1		female	22	Sweden	V4	FWD:GTGCCAGCMGCCGCGGTAA; REV:GGACTACHVGGGTWTCTAAT	Illumina HiSeq 2000			UC	feces	1629:347
ERR1746569	qiita_1629	UC	1		female	22	Sweden	V4	FWD:GTGCCAGCMGCCGCGGTAA; REV:GGACTACHVGGGTWTCTAAT	Illumina HiSeq 2000			UC	feces	1629:347
ERR1746570	qiita_1629	UC	1		female	22	Sweden	V4	FWD:GTGCCAGCMGCCGCGGTAA; REV:GGACTACHVGGGTWTCTAAT	Illumina HiSeq 2000			UC	feces	1629:347
ERR1746573	qiita_1629	UC	1		male	28	Sweden	V4	FWD:GTGCCAGCMGCCGCGGTAA; REV:GGACTACHVGGGTWTCTAAT	Illumina HiSeq 2000			UC	feces	1629:385
ERR1746574	qiita_1629	UC	1		male	28	Sweden	V4	FWD:GTGCCAGCMGCCGCGGTAA; REV:GGACTACHVGGGTWTCTAAT	Illumina HiSeq 2000			UC	feces	1629:862
ERR1746575	qiita_1629	UC	1		male	28	Sweden	V4	FWD:GTGCCAGCMGCCGCGGTAA; REV:GGACTACHVGGGTWTCTAAT	Illumina HiSeq 2000			UC	feces	1629:385
ERR1746576	qiita_1629	UC	1		male	28	Sweden	V4	FWD:GTGCCAGCMGCCGCGGTAA; REV:GGACTACHVGGGTWTCTAAT	Illumina HiSeq 2000			UC	feces	1629:385
ERR1746577	qiita_1629	UC	1		male	28	Sweden	V4	FWD:GTGCCAGCMGCCGCGGTAA; REV:GGACTACHVGGGTWTCTAAT	Illumina HiSeq 2000			UC	feces	1629:385
ERR1746578	qiita_1629	UC	1		male	28	Sweden	V4	FWD:GTGCCAGCMGCCGCGGTAA; REV:GGACTACHVGGGTWTCTAAT	Illumina HiSeq 2000			UC	feces	1629:385
ERR1746579	qiita_1629	UC	1		male	28	Sweden	V4	FWD:GTGCCAGCMGCCGCGGTAA; REV:GGACTACHVGGGTWTCTAAT	Illumina HiSeq 2000			UC	feces	1629:385
ERR1746607	qiita_1629	UC	1		female	28	Sweden	V4	FWD:GTGCCAGCMGCCGCGGTAA; REV:GGACTACHVGGGTWTCTAAT	Illumina HiSeq 2000			UC	feces	1629:446
ERR1746608	qiita_1629	UC	1		female	28	Sweden	V4	FWD:GTGCCAGCMGCCGCGGTAA; REV:GGACTACHVGGGTWTCTAAT	Illumina HiSeq 2000			UC	feces	1629:446
ERR1746609	qiita_1629	UC	1		female	34	Sweden	V4	FWD:GTGCCAGCMGCCGCGGTAA; REV:GGACTACHVGGGTWTCTAAT	Illumina HiSeq 2000			UC	feces	1629:450
ERR1746610	qiita_1629	UC	1		female	34	Sweden	V4	FWD:GTGCCAGCMGCCGCGGTAA; REV:GGACTACHVGGGTWTCTAAT	Illumina HiSeq 2000			UC	feces	1629:450
ERR1746611	qiita_1629	UC	1		female	34	Sweden	V4	FWD:GTGCCAGCMGCCGCGGTAA; REV:GGACTACHVGGGTWTCTAAT	Illumina HiSeq 2000			UC	feces	1629:450
ERR1746612	qiita_1629	UC	1		female	34	Sweden	V4	FWD:GTGCCAGCMGCCGCGGTAA; REV:GGACTACHVGGGTWTCTAAT	Illumina HiSeq 2000			UC	feces	1629:450
ERR1746613	qiita_1629	UC	1		female	20	Sweden	V4	FWD:GTGCCAGCMGCCGCGGTAA; REV:GGACTACHVGGGTWTCTAAT	Illumina HiSeq 2000			UC	feces	1629:456
ERR1746614	qiita_1629	UC	1		female	20	Sweden	V4	FWD:GTGCCAGCMGCCGCGGTAA; REV:GGACTACHVGGGTWTCTAAT	Illumina HiSeq 2000			UC	feces	1629:456
ERR1746615	qiita_1629	UC	1		female	20	Sweden	V4	FWD:GTGCCAGCMGCCGCGGTAA; REV:GGACTACHVGGGTWTCTAAT	Illumina HiSeq 2000			UC	feces	1629:456
ERR1746616	qiita_1629	UC	1		female	20	Sweden	V4	FWD:GTGCCAGCMGCCGCGGTAA; REV:GGACTACHVGGGTWTCTAAT	Illumina HiSeq 2000			UC	feces	1629:456
ERR1746617	qiita_1629	UC	1		female	20	Sweden	V4	FWD:GTGCCAGCMGCCGCGGTAA; REV:GGACTACHVGGGTWTCTAAT	Illumina HiSeq 2000			UC	feces	1629:456
ERR1746618	qiita_1629	UC	1		female	20	Sweden	V4	FWD:GTGCCAGCMGCCGCGGTAA; REV:GGACTACHVGGGTWTCTAAT	Illumina HiSeq 2000			UC	feces	1629:456
ERR1746619	qiita_1629	UC	1		female	20	Sweden	V4	FWD:GTGCCAGCMGCCGCGGTAA; REV:GGACTACHVGGGTWTCTAAT	Illumina HiSeq 2000			UC	feces	1629:456
ERR1746623	qiita_1629	UC	1		male	22	Sweden	V4	FWD:GTGCCAGCMGCCGCGGTAA; REV:GGACTACHVGGGTWTCTAAT	Illumina HiSeq 2000			UC	feces	1629:467
ERR1746624	qiita_1629	UC	1		male	22	Sweden	V4	FWD:GTGCCAGCMGCCGCGGTAA; REV:GGACTACHVGGGTWTCTAAT	Illumina HiSeq 2000			UC	feces	1629:467
ERR1746625	qiita_1629	UC	1		male	22	Sweden	V4	FWD:GTGCCAGCMGCCGCGGTAA; REV:GGACTACHVGGGTWTCTAAT	Illumina HiSeq 2000			UC	feces	1629:467
ERR1746626	qiita_1629	UC	1		male	22	Sweden	V4	FWD:GTGCCAGCMGCCGCGGTAA; REV:GGACTACHVGGGTWTCTAAT	Illumina HiSeq 2000			UC	feces	1629:467
ERR1746627	qiita_1629	UC	1		male	22	Sweden	V4	FWD:GTGCCAGCMGCCGCGGTAA; REV:GGACTACHVGGGTWTCTAAT	Illumina HiSeq 2000			UC	feces	1629:467
ERR1746628	qiita_1629	UC	1		female	34	Sweden	V4	FWD:GTGCCAGCMGCCGCGGTAA; REV:GGACTACHVGGGTWTCTAAT	Illumina HiSeq 2000			UC	feces	1629:471
ERR1746629	qiita_1629	UC	1		female	34	Sweden	V4	FWD:GTGCCAGCMGCCGCGGTAA; REV:GGACTACHVGGGTWTCTAAT	Illumina HiSeq 2000			UC	feces	1629:471
ERR1746630	qiita_1629	UC	1		female	34	Sweden	V4	FWD:GTGCCAGCMGCCGCGGTAA; REV:GGACTACHVGGGTWTCTAAT	Illumina HiSeq 2000			UC	feces	1629:471
ERR1746631	qiita_1629	UC	1		female	34	Sweden	V4	FWD:GTGCCAGCMGCCGCGGTAA; REV:GGACTACHVGGGTWTCTAAT	Illumina HiSeq 2000			UC	feces	1629:471
ERR1746632	qiita_1629	UC	1		female	34	Sweden	V4	FWD:GTGCCAGCMGCCGCGGTAA; REV:GGACTACHVGGGTWTCTAAT	Illumina HiSeq 2000			UC	feces	1629:471
ERR1746633	qiita_1629	UC	1		female	34	Sweden	V4	FWD:GTGCCAGCMGCCGCGGTAA; REV:GGACTACHVGGGTWTCTAAT	Illumina HiSeq 2000			UC	feces	1629:471
ERR1746634	qiita_1629	UC	1		female	34	Sweden	V4	FWD:GTGCCAGCMGCCGCGGTAA; REV:GGACTACHVGGGTWTCTAAT	Illumina HiSeq 2000			UC	feces	1629:471
ERR1746635	qiita_1629	UC	1		female	29	Sweden	V4	FWD:GTGCCAGCMGCCGCGGTAA; REV:GGACTACHVGGGTWTCTAAT	Illumina HiSeq 2000			UC	feces	1629:482
ERR1746636	qiita_1629	UC	1		female	24	Sweden	V4	FWD:GTGCCAGCMGCCGCGGTAA; REV:GGACTACHVGGGTWTCTAAT	Illumina HiSeq 2000			UC	feces	1629:487
ERR1746637	qiita_1629	UC	1		female	24	Sweden	V4	FWD:GTGCCAGCMGCCGCGGTAA; REV:GGACTACHVGGGTWTCTAAT	Illumina HiSeq 2000			UC	feces	1629:487
ERR1746638	qiita_1629	UC	1		female	24	Sweden	V4	FWD:GTGCCAGCMGCCGCGGTAA; REV:GGACTACHVGGGTWTCTAAT	Illumina HiSeq 2000			UC	feces	1629:487
ERR1746639	qiita_1629	UC	1		female	24	Sweden	V4	FWD:GTGCCAGCMGCCGCGGTAA; REV:GGACTACHVGGGTWTCTAAT	Illumina HiSeq 2000			UC	feces	1629:487
ERR1746640	qiita_1629	UC	1		female	24	Sweden	V4	FWD:GTGCCAGCMGCCGCGGTAA; REV:GGACTACHVGGGTWTCTAAT	Illumina HiSeq 2000			UC	feces	1629:487
ERR1746641	qiita_1629	UC	1		female	24	Sweden	V4	FWD:GTGCCAGCMGCCGCGGTAA; REV:GGACTACHVGGGTWTCTAAT	Illumina HiSeq 2000			UC	feces	1629:487
ERR1746656	qiita_1629	UC	1		female	21	Sweden	V4	FWD:GTGCCAGCMGCCGCGGTAA; REV:GGACTACHVGGGTWTCTAAT	Illumina HiSeq 2000			UC	feces	1629:521
ERR1746657	qiita_1629	UC	1		female	21	Sweden	V4	FWD:GTGCCAGCMGCCGCGGTAA; REV:GGACTACHVGGGTWTCTAAT	Illumina HiSeq 2000			UC	feces	1629:521
ERR1746658	qiita_1629	UC	1		female	21	Sweden	V4	FWD:GTGCCAGCMGCCGCGGTAA; REV:GGACTACHVGGGTWTCTAAT	Illumina HiSeq 2000			UC	feces	1629:521
ERR1746659	qiita_1629	UC	1		female	21	Sweden	V4	FWD:GTGCCAGCMGCCGCGGTAA; REV:GGACTACHVGGGTWTCTAAT	Illumina HiSeq 2000			UC	feces	1629:521
ERR1746660	qiita_1629	UC	1		female	21	Sweden	V4	FWD:GTGCCAGCMGCCGCGGTAA; REV:GGACTACHVGGGTWTCTAAT	Illumina HiSeq 2000			UC	feces	1629:521
ERR1746673	qiita_1629	UC	1		female	23	Sweden	V4	FWD:GTGCCAGCMGCCGCGGTAA; REV:GGACTACHVGGGTWTCTAAT	Illumina HiSeq 2000			UC	feces	1629:552
ERR1746674	qiita_1629	UC	1		female	21	Sweden	V4	FWD:GTGCCAGCMGCCGCGGTAA; REV:GGACTACHVGGGTWTCTAAT	Illumina HiSeq 2000			UC	feces	1629:552
ERR1746675	qiita_1629	UC	1		female	23	Sweden	V4	FWD:GTGCCAGCMGCCGCGGTAA; REV:GGACTACHVGGGTWTCTAAT	Illumina HiSeq 2000			UC	feces	1629:552
ERR1746676	qiita_1629	UC	1		female	23	Sweden	V4	FWD:GTGCCAGCMGCCGCGGTAA; REV:GGACTACHVGGGTWTCTAAT	Illumina HiSeq 2000			UC	feces	1629:552
ERR1746688	qiita_1629	UC	1		female	24	Sweden	V4	FWD:GTGCCAGCMGCCGCGGTAA; REV:GGACTACHVGGGTWTCTAAT	Illumina HiSeq 2000			UC	feces	1629:566
ERR1746689	qiita_1629	UC	1		female	24	Sweden	V4	FWD:GTGCCAGCMGCCGCGGTAA; REV:GGACTACHVGGGTWTCTAAT	Illumina HiSeq 2000			UC	feces	1629:566
ERR1746690	qiita_1629	UC	1		female	24	Sweden	V4	FWD:GTGCCAGCMGCCGCGGTAA; REV:GGACTACHVGGGTWTCTAAT	Illumina HiSeq 2000			UC	feces	1629:566
ERR1746691	qiita_1629	UC	1		female	24	Sweden	V4	FWD:GTGCCAGCMGCCGCGGTAA; REV:GGACTACHVGGGTWTCTAAT	Illumina HiSeq 2000			UC	feces	1629:566
ERR1746692	qiita_1629	UC	1		female	24	Sweden	V4	FWD:GTGCCAGCMGCCGCGGTAA; REV:GGACTACHVGGGTWTCTAAT	Illumina HiSeq 2000			UC	feces	1629:566
ERR1746693	qiita_1629	UC	1		female	24	Sweden	V4	FWD:GTGCCAGCMGCCGCGGTAA; REV:GGACTACHVGGGTWTCTAAT	Illumina HiSeq 2000			UC	feces	1629:566
ERR1746694	qiita_1629	UC	1		female	24	Sweden	V4	FWD:GTGCCAGCMGCCGCGGTAA; REV:GGACTACHVGGGTWTCTAAT	Illumina HiSeq 2000			UC	feces	1629:566
ERR1746696	qiita_1629	UC	1		male	25	Sweden	V4	FWD:GTGCCAGCMGCCGCGGTAA; REV:GGACTACHVGGGTWTCTAAT	Illumina HiSeq 2000			UC	feces	1629:575
ERR1746697	qiita_1629	UC	1		male	27	Sweden	V4	FWD:GTGCCAGCMGCCGCGGTAA; REV:GGACTACHVGGGTWTCTAAT	Illumina HiSeq 2000			UC	feces	1629:590
ERR1746698	qiita_1629	UC	1		male	28	Sweden	V4	FWD:GTGCCAGCMGCCGCGGTAA; REV:GGACTACHVGGGTWTCTAAT	Illumina HiSeq 2000			UC	feces	1629:623
ERR1746699	qiita_1629	UC	1		male	28	Sweden	V4	FWD:GTGCCAGCMGCCGCGGTAA; REV:GGACTACHVGGGTWTCTAAT	Illumina HiSeq 2000			UC	feces	1629:623
ERR1746700	qiita_1629	UC	1		male	28	Sweden	V4	FWD:GTGCCAGCMGCCGCGGTAA; REV:GGACTACHVGGGTWTCTAAT	Illumina HiSeq 2000			UC	feces	1629:623
ERR1746701	qiita_1629	UC	1		male	28	Sweden	V4	FWD:GTGCCAGCMGCCGCGGTAA; REV:GGACTACHVGGGTWTCTAAT	Illumina HiSeq 2000			UC	feces	1629:623
ERR1746702	qiita_1629	UC	1		male	28	Sweden	V4	FWD:GTGCCAGCMGCCGCGGTAA; REV:GGACTACHVGGGTWTCTAAT	Illumina HiSeq 2000			UC	feces	1629:623
ERR1746703	qiita_1629	UC	1		male	28	Sweden	V4	FWD:GTGCCAGCMGCCGCGGTAA; REV:GGACTACHVGGGTWTCTAAT	Illumina HiSeq 2000			UC	feces	1629:623
ERR1746704	qiita_1629	UC	1		female	22	Sweden	V4	FWD:GTGCCAGCMGCCGCGGTAA; REV:GGACTACHVGGGTWTCTAAT	Illumina HiSeq 2000			UC	feces	1629:629
ERR1746705	qiita_1629	UC	1		female	21	Sweden	V4	FWD:GTGCCAGCMGCCGCGGTAA; REV:GGACTACHVGGGTWTCTAAT	Illumina HiSeq 2000			UC	feces	1629:629
ERR1746706	qiita_1629	UC	1		male	37	Sweden	V4	FWD:GTGCCAGCMGCCGCGGTAA; REV:GGACTACHVGGGTWTCTAAT	Illumina HiSeq 2000			UC	feces	1629:634
ERR1746707	qiita_1629	UC	1		male	37	Sweden	V4	FWD:GTGCCAGCMGCCGCGGTAA; REV:GGACTACHVGGGTWTCTAAT	Illumina HiSeq 2000			UC	feces	1629:634
ERR1746708	qiita_1629	UC	1		male	37	Sweden	V4	FWD:GTGCCAGCMGCCGCGGTAA; REV:GGACTACHVGGGTWTCTAAT	Illumina HiSeq 2000			UC	feces	1629:634
ERR1746709	qiita_1629	UC	1		male	37	Sweden	V4	FWD:GTGCCAGCMGCCGCGGTAA; REV:GGACTACHVGGGTWTCTAAT	Illumina HiSeq 2000			UC	feces	1629:634
ERR1746710	qiita_1629	UC	1		male	25	Sweden	V4	FWD:GTGCCAGCMGCCGCGGTAA; REV:GGACTACHVGGGTWTCTAAT	Illumina HiSeq 2000			UC	feces	1629:640
ERR1746711	qiita_1629	UC	1		male	25	Sweden	V4	FWD:GTGCCAGCMGCCGCGGTAA; REV:GGACTACHVGGGTWTCTAAT	Illumina HiSeq 2000			UC	feces	1629:640
ERR1746712	qiita_1629	UC	1		male	25	Sweden	V4	FWD:GTGCCAGCMGCCGCGGTAA; REV:GGACTACHVGGGTWTCTAAT	Illumina HiSeq 2000			UC	feces	1629:640
ERR1746713	qiita_1629	UC	1		male	25	Sweden	V4	FWD:GTGCCAGCMGCCGCGGTAA; REV:GGACTACHVGGGTWTCTAAT	Illumina HiSeq 2000			UC	feces	1629:640
ERR1746714	qiita_1629	UC	1		male	25	Sweden	V4	FWD:GTGCCAGCMGCCGCGGTAA; REV:GGACTACHVGGGTWTCTAAT	Illumina HiSeq 2000			UC	feces	1629:640
ERR1746715	qiita_1629	UC	1		male	25	Sweden	V4	FWD:GTGCCAGCMGCCGCGGTAA; REV:GGACTACHVGGGTWTCTAAT	Illumina HiSeq 2000			UC	feces	1629:640
ERR1746716	qiita_1629	UC	1		female	24	Sweden	V4	FWD:GTGCCAGCMGCCGCGGTAA; REV:GGACTACHVGGGTWTCTAAT	Illumina HiSeq 2000			UC	feces	1629:643
ERR1746717	qiita_1629	UC	1		female	24	Sweden	V4	FWD:GTGCCAGCMGCCGCGGTAA; REV:GGACTACHVGGGTWTCTAAT	Illumina HiSeq 2000			UC	feces	1629:643
ERR1746738	qiita_1629	UC	1		male	27	Sweden	V4	FWD:GTGCCAGCMGCCGCGGTAA; REV:GGACTACHVGGGTWTCTAAT	Illumina HiSeq 2000			UC	feces	1629:683
ERR1746739	qiita_1629	UC	1		male	27	Sweden	V4	FWD:GTGCCAGCMGCCGCGGTAA; REV:GGACTACHVGGGTWTCTAAT	Illumina HiSeq 2000			UC	feces	1629:683
ERR1746740	qiita_1629	UC	1		male	27	Sweden	V4	FWD:GTGCCAGCMGCCGCGGTAA; REV:GGACTACHVGGGTWTCTAAT	Illumina HiSeq 2000			UC	feces	1629:683
ERR1746741	qiita_1629	UC	1		female	27	Sweden	V4	FWD:GTGCCAGCMGCCGCGGTAA; REV:GGACTACHVGGGTWTCTAAT	Illumina HiSeq 2000			UC	feces	1629:768
ERR1746742	qiita_1629	UC	1		male	27	Sweden	V4	FWD:GTGCCAGCMGCCGCGGTAA; REV:GGACTACHVGGGTWTCTAAT	Illumina HiSeq 2000			UC	feces	1629:683
ERR1746743	qiita_1629	UC	1		male	27	Sweden	V4	FWD:GTGCCAGCMGCCGCGGTAA; REV:GGACTACHVGGGTWTCTAAT	Illumina HiSeq 2000			UC	feces	1629:683
ERR1746744	qiita_1629	UC	1		female	32	Sweden	V4	FWD:GTGCCAGCMGCCGCGGTAA; REV:GGACTACHVGGGTWTCTAAT	Illumina HiSeq 2000			UC	feces	1629:693
ERR1746745	qiita_1629	UC	1		female	32	Sweden	V4	FWD:GTGCCAGCMGCCGCGGTAA; REV:GGACTACHVGGGTWTCTAAT	Illumina HiSeq 2000			UC	feces	1629:693
ERR1746746	qiita_1629	UC	1		male	32	Sweden	V4	FWD:GTGCCAGCMGCCGCGGTAA; REV:GGACTACHVGGGTWTCTAAT	Illumina HiSeq 2000			UC	feces	1629:683
ERR1746747	qiita_1629	UC	1		female	32	Sweden	V4	FWD:GTGCCAGCMGCCGCGGTAA; REV:GGACTACHVGGGTWTCTAAT	Illumina HiSeq 2000			UC	feces	1629:693
ERR1746748	qiita_1629	UC	1		female	32	Sweden	V4	FWD:GTGCCAGCMGCCGCGGTAA; REV:GGACTACHVGGGTWTCTAAT	Illumina HiSeq 2000			UC	feces	1629:693
ERR1746749	qiita_1629	UC	1		female	32	Sweden	V4	FWD:GTGCCAGCMGCCGCGGTAA; REV:GGACTACHVGGGTWTCTAAT	Illumina HiSeq 2000			UC	feces	1629:693
ERR1746750	qiita_1629	UC	1		female	32	Sweden	V4	FWD:GTGCCAGCMGCCGCGGTAA; REV:GGACTACHVGGGTWTCTAAT	Illumina HiSeq 2000			UC	feces	1629:693
ERR1746751	qiita_1629	UC	1		female	32	Sweden	V4	FWD:GTGCCAGCMGCCGCGGTAA; REV:GGACTACHVGGGTWTCTAAT	Illumina HiSeq 2000			UC	feces	1629:693
ERR1746752	qiita_1629	UC	1		female	32	Sweden	V4	FWD:GTGCCAGCMGCCGCGGTAA; REV:GGACTACHVGGGTWTCTAAT	Illumina HiSeq 2000			UC	feces	1629:693
ERR1746753	qiita_1629	UC	1		female	32	Sweden	V4	FWD:GTGCCAGCMGCCGCGGTAA; REV:GGACTACHVGGGTWTCTAAT	Illumina HiSeq 2000			UC	feces	1629:693
ERR1746754	qiita_1629	UC	1		female	23	Sweden	V4	FWD:GTGCCAGCMGCCGCGGTAA; REV:GGACTACHVGGGTWTCTAAT	Illumina HiSeq 2000			UC	feces	1629:696
ERR1746755	qiita_1629	UC	1		male	23	Sweden	V4	FWD:GTGCCAGCMGCCGCGGTAA; REV:GGACTACHVGGGTWTCTAAT	Illumina HiSeq 2000			UC	feces	1629:862
ERR1746756	qiita_1629	UC	1		female	23	Sweden	V4	FWD:GTGCCAGCMGCCGCGGTAA; REV:GGACTACHVGGGTWTCTAAT	Illumina HiSeq 2000			UC	feces	1629:696
ERR1746757	qiita_1629	UC	1		female	23	Sweden	V4	FWD:GTGCCAGCMGCCGCGGTAA; REV:GGACTACHVGGGTWTCTAAT	Illumina HiSeq 2000			UC	feces	1629:696
ERR1746758	qiita_1629	UC	1		female	26	Sweden	V4	FWD:GTGCCAGCMGCCGCGGTAA; REV:GGACTACHVGGGTWTCTAAT	Illumina HiSeq 2000			UC	feces	1629:718
ERR1746759	qiita_1629	UC	1		female	26	Sweden	V4	FWD:GTGCCAGCMGCCGCGGTAA; REV:GGACTACHVGGGTWTCTAAT	Illumina HiSeq 2000			UC	feces	1629:693
ERR1746761	qiita_1629	UC	1		male	26	Sweden	V4	FWD:GTGCCAGCMGCCGCGGTAA; REV:GGACTACHVGGGTWTCTAAT	Illumina HiSeq 2000			UC	feces	1629:683
ERR1746762	qiita_1629	UC	1		female	26	Sweden	V4	FWD:GTGCCAGCMGCCGCGGTAA; REV:GGACTACHVGGGTWTCTAAT	Illumina HiSeq 2000			UC	feces	1629:718
ERR1746763	qiita_1629	UC	1		female	26	Sweden	V4	FWD:GTGCCAGCMGCCGCGGTAA; REV:GGACTACHVGGGTWTCTAAT	Illumina HiSeq 2000			UC	feces	1629:718
ERR1746764	qiita_1629	UC	1		female	26	Sweden	V4	FWD:GTGCCAGCMGCCGCGGTAA; REV:GGACTACHVGGGTWTCTAAT	Illumina HiSeq 2000			UC	feces	1629:718
ERR1746765	qiita_1629	UC	1		female	26	Sweden	V4	FWD:GTGCCAGCMGCCGCGGTAA; REV:GGACTACHVGGGTWTCTAAT	Illumina HiSeq 2000			UC	feces	1629:718
ERR1746769	qiita_1629	UC	1		female	29	Sweden	V4	FWD:GTGCCAGCMGCCGCGGTAA; REV:GGACTACHVGGGTWTCTAAT	Illumina HiSeq 2000			UC	feces	1629:768
ERR1746770	qiita_1629	UC	1		female	29	Sweden	V4	FWD:GTGCCAGCMGCCGCGGTAA; REV:GGACTACHVGGGTWTCTAAT	Illumina HiSeq 2000			UC	feces	1629:768
ERR1746771	qiita_1629	UC	1		female	29	Sweden	V4	FWD:GTGCCAGCMGCCGCGGTAA; REV:GGACTACHVGGGTWTCTAAT	Illumina HiSeq 2000			UC	feces	1629:842
ERR1746772	qiita_1629	UC	1		female	29	Sweden	V4	FWD:GTGCCAGCMGCCGCGGTAA; REV:GGACTACHVGGGTWTCTAAT	Illumina HiSeq 2000			UC	feces	1629:768
ERR1746781	qiita_1629	UC	1		female	22	Sweden	V4	FWD:GTGCCAGCMGCCGCGGTAA; REV:GGACTACHVGGGTWTCTAAT	Illumina HiSeq 2000			UC	feces	1629:789
ERR1746782	qiita_1629	UC	1		female	22	Sweden	V4	FWD:GTGCCAGCMGCCGCGGTAA; REV:GGACTACHVGGGTWTCTAAT	Illumina HiSeq 2000			UC	feces	1629:696
ERR1746784	qiita_1629	UC	1		female	22	Sweden	V4	FWD:GTGCCAGCMGCCGCGGTAA; REV:GGACTACHVGGGTWTCTAAT	Illumina HiSeq 2000			UC	feces	1629:789
ERR1746785	qiita_1629	UC	1		male	20	Sweden	V4	FWD:GTGCCAGCMGCCGCGGTAA; REV:GGACTACHVGGGTWTCTAAT	Illumina HiSeq 2000			UC	feces	1629:814
ERR1746786	qiita_1629	UC	1		female	28	Sweden	V4	FWD:GTGCCAGCMGCCGCGGTAA; REV:GGACTACHVGGGTWTCTAAT	Illumina HiSeq 2000			UC	feces	1629:842
ERR1746787	qiita_1629	UC	1		female	28	Sweden	V4	FWD:GTGCCAGCMGCCGCGGTAA; REV:GGACTACHVGGGTWTCTAAT	Illumina HiSeq 2000			UC	feces	1629:842
ERR1746788	qiita_1629	UC	1		female	28	Sweden	V4	FWD:GTGCCAGCMGCCGCGGTAA; REV:GGACTACHVGGGTWTCTAAT	Illumina HiSeq 2000			UC	feces	1629:693
ERR1746789	qiita_1629	UC	1		female	28	Sweden	V4	FWD:GTGCCAGCMGCCGCGGTAA; REV:GGACTACHVGGGTWTCTAAT	Illumina HiSeq 2000			UC	feces	1629:842
ERR1746790	qiita_1629	UC	1		female	28	Sweden	V4	FWD:GTGCCAGCMGCCGCGGTAA; REV:GGACTACHVGGGTWTCTAAT	Illumina HiSeq 2000			UC	feces	1629:842
ERR1746791	qiita_1629	UC	1		female	28	Sweden	V4	FWD:GTGCCAGCMGCCGCGGTAA; REV:GGACTACHVGGGTWTCTAAT	Illumina HiSeq 2000			UC	feces	1629:842
ERR1746792	qiita_1629	UC	1		female	28	Sweden	V4	FWD:GTGCCAGCMGCCGCGGTAA; REV:GGACTACHVGGGTWTCTAAT	Illumina HiSeq 2000			UC	feces	1629:842
ERR1746793	qiita_1629	UC	1		female	28	Sweden	V4	FWD:GTGCCAGCMGCCGCGGTAA; REV:GGACTACHVGGGTWTCTAAT	Illumina HiSeq 2000			UC	feces	1629:842
ERR1746798	qiita_1629	UC	1		male	30	Sweden	V4	FWD:GTGCCAGCMGCCGCGGTAA; REV:GGACTACHVGGGTWTCTAAT	Illumina HiSeq 2000			UC	feces	1629:850
ERR1746799	qiita_1629	UC	1		male	30	Sweden	V4	FWD:GTGCCAGCMGCCGCGGTAA; REV:GGACTACHVGGGTWTCTAAT	Illumina HiSeq 2000			UC	feces	1629:850
ERR1746800	qiita_1629	UC	1		male	25	Sweden	V4	FWD:GTGCCAGCMGCCGCGGTAA; REV:GGACTACHVGGGTWTCTAAT	Illumina HiSeq 2000			UC	feces	1629:857
ERR1746801	qiita_1629	UC	1		male	28	Sweden	V4	FWD:GTGCCAGCMGCCGCGGTAA; REV:GGACTACHVGGGTWTCTAAT	Illumina HiSeq 2000			UC	feces	1629:862
ERR1746802	qiita_1629	UC	1		female	28	Sweden	V4	FWD:GTGCCAGCMGCCGCGGTAA; REV:GGACTACHVGGGTWTCTAAT	Illumina HiSeq 2000			UC	feces	1629:718
ERR1746803	qiita_1629	UC	1		female	28	Sweden	V4	FWD:GTGCCAGCMGCCGCGGTAA; REV:GGACTACHVGGGTWTCTAAT	Illumina HiSeq 2000			UC	feces	1629:718
ERR1746804	qiita_1629	UC	1		male	19	Sweden	V4	FWD:GTGCCAGCMGCCGCGGTAA; REV:GGACTACHVGGGTWTCTAAT	Illumina HiSeq 2000			UC	feces	1629:862
ERR1746805	qiita_1629	UC	1		male	28	Sweden	V4	FWD:GTGCCAGCMGCCGCGGTAA; REV:GGACTACHVGGGTWTCTAAT	Illumina HiSeq 2000			UC	feces	1629:862
ERR1746806	qiita_1629	UC	1		male	28	Sweden	V4	FWD:GTGCCAGCMGCCGCGGTAA; REV:GGACTACHVGGGTWTCTAAT	Illumina HiSeq 2000			UC	feces	1629:862
ERR1746814	qiita_1629	UC	1		female	24	Sweden	V4	FWD:GTGCCAGCMGCCGCGGTAA; REV:GGACTACHVGGGTWTCTAAT	Illumina HiSeq 2000			UC	feces	1629:881
ERR1746815	qiita_1629	UC	1		female	24	Sweden	V4	FWD:GTGCCAGCMGCCGCGGTAA; REV:GGACTACHVGGGTWTCTAAT	Illumina HiSeq 2000			UC	feces	1629:881
ERR1746816	qiita_1629	UC	1		female	24	Sweden	V4	FWD:GTGCCAGCMGCCGCGGTAA; REV:GGACTACHVGGGTWTCTAAT	Illumina HiSeq 2000			UC	feces	1629:881
ERR1746817	qiita_1629	UC	1		female	24	Sweden	V4	FWD:GTGCCAGCMGCCGCGGTAA; REV:GGACTACHVGGGTWTCTAAT	Illumina HiSeq 2000			UC	feces	1629:881
ERR1746818	qiita_1629	UC	1		female	24	Sweden	V4	FWD:GTGCCAGCMGCCGCGGTAA; REV:GGACTACHVGGGTWTCTAAT	Illumina HiSeq 2000			UC	feces	1629:881
ERR1746819	qiita_1629	HC	0		male	25	Sweden	V4	FWD:GTGCCAGCMGCCGCGGTAA; REV:GGACTACHVGGGTWTCTAAT	Illumina HiSeq 2000			UC	feces	1629:882
ERR1746820	qiita_1629	HC	0		male	25	Sweden	V4	FWD:GTGCCAGCMGCCGCGGTAA; REV:GGACTACHVGGGTWTCTAAT	Illumina HiSeq 2000			UC	feces	1629:882
ERR1746821	qiita_1629	HC	0		male	25	Sweden	V4	FWD:GTGCCAGCMGCCGCGGTAA; REV:GGACTACHVGGGTWTCTAAT	Illumina HiSeq 2000			UC	feces	1629:882
ERR1746822	qiita_1629	HC	0		male	25	Sweden	V4	FWD:GTGCCAGCMGCCGCGGTAA; REV:GGACTACHVGGGTWTCTAAT	Illumina HiSeq 2000			UC	feces	1629:882
ERR1746823	qiita_1629	HC	0		male	25	Sweden	V4	FWD:GTGCCAGCMGCCGCGGTAA; REV:GGACTACHVGGGTWTCTAAT	Illumina HiSeq 2000			UC	feces	1629:882
ERR1746824	qiita_1629	HC	0		male	25	Sweden	V4	FWD:GTGCCAGCMGCCGCGGTAA; REV:GGACTACHVGGGTWTCTAAT	Illumina HiSeq 2000			UC	feces	1629:882
ERR1746825	qiita_1629	HC	0		male	25	Sweden	V4	FWD:GTGCCAGCMGCCGCGGTAA; REV:GGACTACHVGGGTWTCTAAT	Illumina HiSeq 2000			UC	feces	1629:882
ERR1746826	qiita_1629	HC	0		male	25	Sweden	V4	FWD:GTGCCAGCMGCCGCGGTAA; REV:GGACTACHVGGGTWTCTAAT	Illumina HiSeq 2000			UC	feces	1629:882
ERR1746830	qiita_1629	UC	1		male	30	Sweden	V4	FWD:GTGCCAGCMGCCGCGGTAA; REV:GGACTACHVGGGTWTCTAAT	Illumina HiSeq 2000			UC	feces	1629:892
ERR1746831	qiita_1629	UC	1		male	30	Sweden	V4	FWD:GTGCCAGCMGCCGCGGTAA; REV:GGACTACHVGGGTWTCTAAT	Illumina HiSeq 2000			UC	feces	1629:892
ERR1746832	qiita_1629	UC	1		male	30	Sweden	V4	FWD:GTGCCAGCMGCCGCGGTAA; REV:GGACTACHVGGGTWTCTAAT	Illumina HiSeq 2000			UC	feces	1629:892
ERR1746833	qiita_1629	HC	0		female	21	Sweden	V4	FWD:GTGCCAGCMGCCGCGGTAA; REV:GGACTACHVGGGTWTCTAAT	Illumina HiSeq 2000			UC	feces	1629:893
ERR1746834	qiita_1629	HC	0		female	21	Sweden	V4	FWD:GTGCCAGCMGCCGCGGTAA; REV:GGACTACHVGGGTWTCTAAT	Illumina HiSeq 2000			UC	feces	1629:893
ERR1746835	qiita_1629	HC	0		female	25	Sweden	V4	FWD:GTGCCAGCMGCCGCGGTAA; REV:GGACTACHVGGGTWTCTAAT	Illumina HiSeq 2000			UC	feces	1629:895
ERR1746836	qiita_1629	HC	0		female	25	Sweden	V4	FWD:GTGCCAGCMGCCGCGGTAA; REV:GGACTACHVGGGTWTCTAAT	Illumina HiSeq 2000			UC	feces	1629:895
ERR1746837	qiita_1629	HC	0		female	25	Sweden	V4	FWD:GTGCCAGCMGCCGCGGTAA; REV:GGACTACHVGGGTWTCTAAT	Illumina HiSeq 2000			UC	feces	1629:895
ERR1746838	qiita_1629	HC	0		female	24	Sweden	V4	FWD:GTGCCAGCMGCCGCGGTAA; REV:GGACTACHVGGGTWTCTAAT	Illumina HiSeq 2000			UC	feces	1629:896
ERR1746839	qiita_1629	HC	0		female	24	Sweden	V4	FWD:GTGCCAGCMGCCGCGGTAA; REV:GGACTACHVGGGTWTCTAAT	Illumina HiSeq 2000			UC	feces	1629:896
ERR1746840	qiita_1629	HC	0		female	24	Sweden	V4	FWD:GTGCCAGCMGCCGCGGTAA; REV:GGACTACHVGGGTWTCTAAT	Illumina HiSeq 2000			UC	feces	1629:896
ERR1746841	qiita_1629	HC	0		female	24	Sweden	V4	FWD:GTGCCAGCMGCCGCGGTAA; REV:GGACTACHVGGGTWTCTAAT	Illumina HiSeq 2000			UC	feces	1629:896
ERR1746842	qiita_1629	HC	0		female	24	Sweden	V4	FWD:GTGCCAGCMGCCGCGGTAA; REV:GGACTACHVGGGTWTCTAAT	Illumina HiSeq 2000			UC	feces	1629:896
ERR1746843	qiita_1629	HC	0		female	24	Sweden	V4	FWD:GTGCCAGCMGCCGCGGTAA; REV:GGACTACHVGGGTWTCTAAT	Illumina HiSeq 2000			UC	feces	1629:896
ERR1746844	qiita_1629	HC	0		female	24	Sweden	V4	FWD:GTGCCAGCMGCCGCGGTAA; REV:GGACTACHVGGGTWTCTAAT	Illumina HiSeq 2000			UC	feces	1629:896
ERR1746845	qiita_1629	HC	0		male	28	Sweden	V4	FWD:GTGCCAGCMGCCGCGGTAA; REV:GGACTACHVGGGTWTCTAAT	Illumina HiSeq 2000			UC	feces	1629:898
ERR1746846	qiita_1629	HC	0		male	28	Sweden	V4	FWD:GTGCCAGCMGCCGCGGTAA; REV:GGACTACHVGGGTWTCTAAT	Illumina HiSeq 2000			UC	feces	1629:898
ERR1746847	qiita_1629	HC	0		male	28	Sweden	V4	FWD:GTGCCAGCMGCCGCGGTAA; REV:GGACTACHVGGGTWTCTAAT	Illumina HiSeq 2000			UC	feces	1629:898
ERR1746848	qiita_1629	HC	0		male	28	Sweden	V4	FWD:GTGCCAGCMGCCGCGGTAA; REV:GGACTACHVGGGTWTCTAAT	Illumina HiSeq 2000			UC	feces	1629:898
ERR1746849	qiita_1629	HC	0		male	28	Sweden	V4	FWD:GTGCCAGCMGCCGCGGTAA; REV:GGACTACHVGGGTWTCTAAT	Illumina HiSeq 2000			UC	feces	1629:898
ERR1746850	qiita_1629	HC	0		male	28	Sweden	V4	FWD:GTGCCAGCMGCCGCGGTAA; REV:GGACTACHVGGGTWTCTAAT	Illumina HiSeq 2000			UC	feces	1629:898
ERR1746851	qiita_1629	HC	0		male	28	Sweden	V4	FWD:GTGCCAGCMGCCGCGGTAA; REV:GGACTACHVGGGTWTCTAAT	Illumina HiSeq 2000			UC	feces	1629:898
ERR1746852	qiita_1629	HC	0		male	28	Sweden	V4	FWD:GTGCCAGCMGCCGCGGTAA; REV:GGACTACHVGGGTWTCTAAT	Illumina HiSeq 2000			UC	feces	1629:898
ERR1746853	qiita_1629	HC	0		female	24	Sweden	V4	FWD:GTGCCAGCMGCCGCGGTAA; REV:GGACTACHVGGGTWTCTAAT	Illumina HiSeq 2000			UC	feces	1629:900
ERR1746854	qiita_1629	HC	0		female	24	Sweden	V4	FWD:GTGCCAGCMGCCGCGGTAA; REV:GGACTACHVGGGTWTCTAAT	Illumina HiSeq 2000			UC	feces	1629:900
ERR1746855	qiita_1629	HC	0		female	24	Sweden	V4	FWD:GTGCCAGCMGCCGCGGTAA; REV:GGACTACHVGGGTWTCTAAT	Illumina HiSeq 2000			UC	feces	1629:900
ERR1746856	qiita_1629	HC	0		female	24	Sweden	V4	FWD:GTGCCAGCMGCCGCGGTAA; REV:GGACTACHVGGGTWTCTAAT	Illumina HiSeq 2000			UC	feces	1629:900
ERR1746857	qiita_1629	HC	0		female	24	Sweden	V4	FWD:GTGCCAGCMGCCGCGGTAA; REV:GGACTACHVGGGTWTCTAAT	Illumina HiSeq 2000			UC	feces	1629:900
ERR1746858	qiita_1629	HC	0		female	24	Sweden	V4	FWD:GTGCCAGCMGCCGCGGTAA; REV:GGACTACHVGGGTWTCTAAT	Illumina HiSeq 2000			UC	feces	1629:900
ERR1746859	qiita_1629	HC	0		female	24	Sweden	V4	FWD:GTGCCAGCMGCCGCGGTAA; REV:GGACTACHVGGGTWTCTAAT	Illumina HiSeq 2000			UC	feces	1629:900
ERR1746860	qiita_1629	HC	0		female	20	Sweden	V4	FWD:GTGCCAGCMGCCGCGGTAA; REV:GGACTACHVGGGTWTCTAAT	Illumina HiSeq 2000			UC	feces	1629:901
ERR1746861	qiita_1629	HC	0		female	20	Sweden	V4	FWD:GTGCCAGCMGCCGCGGTAA; REV:GGACTACHVGGGTWTCTAAT	Illumina HiSeq 2000			UC	feces	1629:901
ERR1746862	qiita_1629	HC	0		female	20	Sweden	V4	FWD:GTGCCAGCMGCCGCGGTAA; REV:GGACTACHVGGGTWTCTAAT	Illumina HiSeq 2000			UC	feces	1629:901
ERR1746863	qiita_1629	HC	0		female	20	Sweden	V4	FWD:GTGCCAGCMGCCGCGGTAA; REV:GGACTACHVGGGTWTCTAAT	Illumina HiSeq 2000			UC	feces	1629:901
ERR1746864	qiita_1629	HC	0		female	20	Sweden	V4	FWD:GTGCCAGCMGCCGCGGTAA; REV:GGACTACHVGGGTWTCTAAT	Illumina HiSeq 2000			UC	feces	1629:901
ERR1746865	qiita_1629	HC	0		female	20	Sweden	V4	FWD:GTGCCAGCMGCCGCGGTAA; REV:GGACTACHVGGGTWTCTAAT	Illumina HiSeq 2000			UC	feces	1629:901
ERR1746866	qiita_1629	HC	0		female	20	Sweden	V4	FWD:GTGCCAGCMGCCGCGGTAA; REV:GGACTACHVGGGTWTCTAAT	Illumina HiSeq 2000			UC	feces	1629:901
ERR1746867	qiita_1629	UC	1		male	28	Sweden	V4	FWD:GTGCCAGCMGCCGCGGTAA; REV:GGACTACHVGGGTWTCTAAT	Illumina HiSeq 2000			UC	feces	1629:902
ERR1746868	qiita_1629	UC	1		male	28	Sweden	V4	FWD:GTGCCAGCMGCCGCGGTAA; REV:GGACTACHVGGGTWTCTAAT	Illumina HiSeq 2000			UC	feces	1629:902
ERR1746870	qiita_1629	HC	0		male	23	Sweden	V4	FWD:GTGCCAGCMGCCGCGGTAA; REV:GGACTACHVGGGTWTCTAAT	Illumina HiSeq 2000			UC	feces	1629:906
ERR1746871	qiita_1629	HC	0		male	23	Sweden	V4	FWD:GTGCCAGCMGCCGCGGTAA; REV:GGACTACHVGGGTWTCTAAT	Illumina HiSeq 2000			UC	feces	1629:906
ERR1746872	qiita_1629	HC	0		male	23	Sweden	V4	FWD:GTGCCAGCMGCCGCGGTAA; REV:GGACTACHVGGGTWTCTAAT	Illumina HiSeq 2000			UC	feces	1629:906
ERR1746873	qiita_1629	HC	0		male	23	Sweden	V4	FWD:GTGCCAGCMGCCGCGGTAA; REV:GGACTACHVGGGTWTCTAAT	Illumina HiSeq 2000			UC	feces	1629:906
ERR1746874	qiita_1629	HC	0		male	23	Sweden	V4	FWD:GTGCCAGCMGCCGCGGTAA; REV:GGACTACHVGGGTWTCTAAT	Illumina HiSeq 2000			UC	feces	1629:906
ERR1746875	qiita_1629	HC	0		male	23	Sweden	V4	FWD:GTGCCAGCMGCCGCGGTAA; REV:GGACTACHVGGGTWTCTAAT	Illumina HiSeq 2000			UC	feces	1629:906
ERR1746876	qiita_1629	HC	0		female	22	Sweden	V4	FWD:GTGCCAGCMGCCGCGGTAA; REV:GGACTACHVGGGTWTCTAAT	Illumina HiSeq 2000			UC	feces	1629:908
ERR1746877	qiita_1629	HC	0		female	22	Sweden	V4	FWD:GTGCCAGCMGCCGCGGTAA; REV:GGACTACHVGGGTWTCTAAT	Illumina HiSeq 2000			UC	feces	1629:908
ERR1746878	qiita_1629	HC	0		female	22	Sweden	V4	FWD:GTGCCAGCMGCCGCGGTAA; REV:GGACTACHVGGGTWTCTAAT	Illumina HiSeq 2000			UC	feces	1629:908
ERR1746879	qiita_1629	HC	0		female	22	Sweden	V4	FWD:GTGCCAGCMGCCGCGGTAA; REV:GGACTACHVGGGTWTCTAAT	Illumina HiSeq 2000			UC	feces	1629:908
ERR1746880	qiita_1629	HC	0		female	22	Sweden	V4	FWD:GTGCCAGCMGCCGCGGTAA; REV:GGACTACHVGGGTWTCTAAT	Illumina HiSeq 2000			UC	feces	1629:908
ERR1746881	qiita_1629	HC	0		female	22	Sweden	V4	FWD:GTGCCAGCMGCCGCGGTAA; REV:GGACTACHVGGGTWTCTAAT	Illumina HiSeq 2000			UC	feces	1629:908
ERR1746883	qiita_1629	UC	1		female	25	Sweden	V4	FWD:GTGCCAGCMGCCGCGGTAA; REV:GGACTACHVGGGTWTCTAAT	Illumina HiSeq 2000			UC	feces	1629:912
ERR1746885	qiita_1629	UC	1		female	25	Sweden	V4	FWD:GTGCCAGCMGCCGCGGTAA; REV:GGACTACHVGGGTWTCTAAT	Illumina HiSeq 2000			UC	feces	1629:912
ERR1746886	qiita_1629	UC	1		female	25	Sweden	V4	FWD:GTGCCAGCMGCCGCGGTAA; REV:GGACTACHVGGGTWTCTAAT	Illumina HiSeq 2000			UC	feces	1629:912
ERR1746891	qiita_1629	UC	1		male	20	Sweden	V4	FWD:GTGCCAGCMGCCGCGGTAA; REV:GGACTACHVGGGTWTCTAAT	Illumina HiSeq 2000			UC	feces	1629:915
ERR1746892	qiita_1629	UC	1		male	20	Sweden	V4	FWD:GTGCCAGCMGCCGCGGTAA; REV:GGACTACHVGGGTWTCTAAT	Illumina HiSeq 2000			UC	feces	1629:915
ERR1746896	qiita_1629	UC	1		female	22	Sweden	V4	FWD:GTGCCAGCMGCCGCGGTAA; REV:GGACTACHVGGGTWTCTAAT	Illumina HiSeq 2000			UC	feces	1629:789
ERR1746926	qiita_1629	UC	1		female	34	Sweden	V4	FWD:GTGCCAGCMGCCGCGGTAA; REV:GGACTACHVGGGTWTCTAAT	Illumina HiSeq 2000			UC	feces	1629:471
ERR1746935	qiita_1629	UC	1		female	26	Sweden	V4	FWD:GTGCCAGCMGCCGCGGTAA; REV:GGACTACHVGGGTWTCTAAT	Illumina HiSeq 2000			UC	feces	1629:195
ERR1746940	qiita_1629	UC	1		female	30	Sweden	V4	FWD:GTGCCAGCMGCCGCGGTAA; REV:GGACTACHVGGGTWTCTAAT	Illumina HiSeq 2000			UC	feces	1629:152
ERR1746945	qiita_1629	HC	0		female	25	Sweden	V4	FWD:GTGCCAGCMGCCGCGGTAA; REV:GGACTACHVGGGTWTCTAAT	Illumina HiSeq 2000			UC	feces	1629:895
ERR1746961	qiita_1629	UC	1		male	28	Sweden	V4	FWD:GTGCCAGCMGCCGCGGTAA; REV:GGACTACHVGGGTWTCTAAT	Illumina HiSeq 2000			UC	feces	1629:623
ERR1746966	qiita_1629	UC	1		female	22	Sweden	V4	FWD:GTGCCAGCMGCCGCGGTAA; REV:GGACTACHVGGGTWTCTAAT	Illumina HiSeq 2000			UC	feces	1629:789
ERR1746993	qiita_1629	UC	1		male	28	Sweden	V4	FWD:GTGCCAGCMGCCGCGGTAA; REV:GGACTACHVGGGTWTCTAAT	Illumina HiSeq 2000			UC	feces	1629:385
SRR5130755	PRJNA324147	control	0				USA: Los Angeles			ILLUMINA			UC	Feces	
SRR5130756	PRJNA324147	control	0				USA: Los Angeles			ILLUMINA			UC	Feces	
SRR5130757	PRJNA324147	uc	1				USA: Los Angeles			ILLUMINA			UC	Feces	
SRR5130758	PRJNA324147	control	0				USA: Los Angeles			ILLUMINA			UC	Feces	
SRR5130759	PRJNA324147	control	0				USA: Los Angeles			ILLUMINA			UC	Feces	
SRR5130761	PRJNA324147	control	0				USA: Los Angeles			ILLUMINA			UC	Feces	
SRR5130762	PRJNA324147	uc	1				USA: Los Angeles			ILLUMINA			UC	Feces	
SRR5130765	PRJNA324147	control	0				USA: Los Angeles			ILLUMINA			UC	Feces	
SRR5130766	PRJNA324147	control	0				USA: Los Angeles			ILLUMINA			UC	Feces	
SRR5130767	PRJNA324147	control	0				USA: Los Angeles			ILLUMINA			UC	Feces	
SRR5130768	PRJNA324147	control	0				USA: Los Angeles			ILLUMINA			UC	Feces	
SRR5130769	PRJNA324147	control	0				USA: Los Angeles			ILLUMINA			UC	Feces	
SRR5130771	PRJNA324147	uc	1				USA: Los Angeles			ILLUMINA			UC	Feces	
SRR5130772	PRJNA324147	control	0				USA: Los Angeles			ILLUMINA			UC	Feces	
SRR5130774	PRJNA324147	control	0				USA: Los Angeles			ILLUMINA			UC	Feces	
SRR5130776	PRJNA324147	control	0				USA: Los Angeles			ILLUMINA			UC	Feces	
SRR5130778	PRJNA324147	uc	1				USA: Los Angeles			ILLUMINA			UC	Feces	
SRR5130779	PRJNA324147	control	0				USA: Los Angeles			ILLUMINA			UC	Feces	
SRR5130781	PRJNA324147	control	0				USA: Los Angeles			ILLUMINA			UC	Feces	
SRR5130782	PRJNA324147	control	0				USA: Los Angeles			ILLUMINA			UC	Feces	
SRR5130783	PRJNA324147	control	0				USA: Los Angeles			ILLUMINA			UC	Feces	
SRR5130784	PRJNA324147	control	0				USA: Los Angeles			ILLUMINA			UC	Feces	
SRR5130785	PRJNA324147	control	0				USA: Los Angeles			ILLUMINA			UC	Feces	
SRR5130786	PRJNA324147	control	0				USA: Los Angeles			ILLUMINA			UC	Feces	
SRR5130788	PRJNA324147	control	0				USA: Los Angeles			ILLUMINA			UC	Feces	
SRR5130789	PRJNA324147	uc	1				USA: Los Angeles			ILLUMINA			UC	Feces	
SRR5130791	PRJNA324147	control	0				USA: Los Angeles			ILLUMINA			UC	Feces	
SRR5130792	PRJNA324147	control	0				USA: Los Angeles			ILLUMINA			UC	Feces	
SRR5130793	PRJNA324147	control	0				USA: Los Angeles			ILLUMINA			UC	Feces	
SRR5130794	PRJNA324147	control	0				USA: Los Angeles			ILLUMINA			UC	Feces	
SRR5130796	PRJNA324147	control	0				USA: Los Angeles			ILLUMINA			UC	Feces	
SRR5130797	PRJNA324147	uc	1				USA: Los Angeles			ILLUMINA			UC	Feces	
SRR5130798	PRJNA324147	control	0				USA: Los Angeles			ILLUMINA			UC	Feces	
SRR5130799	PRJNA324147	control	0				USA: Los Angeles			ILLUMINA			UC	Feces	
SRR5130800	PRJNA324147	uc	1				USA: Los Angeles			ILLUMINA			UC	Feces	
SRR5130801	PRJNA324147	control	0				USA: Los Angeles			ILLUMINA			UC	Feces	
SRR5130803	PRJNA324147	uc	1				USA: Los Angeles			ILLUMINA			UC	Feces	
SRR5130804	PRJNA324147	control	0				USA: Los Angeles			ILLUMINA			UC	Feces	
SRR5130806	PRJNA324147	control	0				USA: Los Angeles			ILLUMINA			UC	Feces	
SRR5130808	PRJNA324147	control	0				USA: Los Angeles			ILLUMINA			UC	Feces	
SRR5130809	PRJNA324147	control	0				USA: Los Angeles			ILLUMINA			UC	Feces	
SRR5130810	PRJNA324147	control	0				USA: Los Angeles			ILLUMINA			UC	Feces	
SRR5130811	PRJNA324147	control	0				USA: Los Angeles			ILLUMINA			UC	Feces	
SRR5130813	PRJNA324147	control	0				USA: Los Angeles			ILLUMINA			UC	Feces	
SRR5130814	PRJNA324147	control	0				USA: Los Angeles			ILLUMINA			UC	Feces	
SRR5130815	PRJNA324147	control	0				USA: Los Angeles			ILLUMINA			UC	Feces	
SRR5130816	PRJNA324147	uc	1				USA: Los Angeles			ILLUMINA			UC	Feces	
SRR5130817	PRJNA324147	control	0				USA: Los Angeles			ILLUMINA			UC	Feces	
SRR5130818	PRJNA324147	control	0				USA: Los Angeles			ILLUMINA			UC	Feces	
SRR5130820	PRJNA324147	control	0				USA: Los Angeles			ILLUMINA			UC	Feces	
SRR5130821	PRJNA324147	control	0				USA: Los Angeles			ILLUMINA			UC	Feces	
SRR5130822	PRJNA324147	control	0				USA: Los Angeles			ILLUMINA			UC	Feces	
SRR5130823	PRJNA324147	control	0				USA: Los Angeles			ILLUMINA			UC	Feces	
SRR5130825	PRJNA324147	control	0				USA: Los Angeles			ILLUMINA			UC	Feces	
SRR5130827	PRJNA324147	control	0				USA: Los Angeles			ILLUMINA			UC	Feces	
SRR5130828	PRJNA324147	control	0				USA: Los Angeles			ILLUMINA			UC	Feces	
SRR5130829	PRJNA324147	control	0				USA: Los Angeles			ILLUMINA			UC	Feces	
SRR5130830	PRJNA324147	control	0				USA: Los Angeles			ILLUMINA			UC	Feces	
SRR5130831	PRJNA324147	control	0				USA: Los Angeles			ILLUMINA			UC	Feces	
SRR5130834	PRJNA324147	control	0				USA: Los Angeles			ILLUMINA			UC	Feces	
SRR5130838	PRJNA324147	control	0				USA: Los Angeles			ILLUMINA			UC	Feces	
SRR5130841	PRJNA324147	uc	1				USA: Los Angeles			ILLUMINA			UC	Feces	
SRR5130842	PRJNA324147	control	0				USA: Los Angeles			ILLUMINA			UC	Feces	
SRR5218304	PRJNA368966	uc	1							ILLUMINA			UC	Feces	
SRR5218305	PRJNA368966	control	0							ILLUMINA			UC	Feces	
SRR5218306	PRJNA368966	control	0							ILLUMINA			UC	Feces	
SRR5218307	PRJNA368966	control	0							ILLUMINA			UC	Feces	
SRR5218308	PRJNA368966	control	0							ILLUMINA			UC	Feces	
SRR5218309	PRJNA368966	control	0							ILLUMINA			UC	Feces	
SRR5218310	PRJNA368966	control	0							ILLUMINA			UC	Feces	
SRR5218311	PRJNA368966	control	0							ILLUMINA			UC	Feces	
SRR5218312	PRJNA368966	control	0							ILLUMINA			UC	Feces	
SRR5218313	PRJNA368966	control	0							ILLUMINA			UC	Feces	
SRR5218314	PRJNA368966	control	0							ILLUMINA			UC	Feces	
SRR5218315	PRJNA368966	control	0							ILLUMINA			UC	Feces	
SRR5218316	PRJNA368966	control	0							ILLUMINA			UC	Feces	
SRR5218317	PRJNA368966	control	0							ILLUMINA			UC	Feces	
SRR5218318	PRJNA368966	control	0							ILLUMINA			UC	Feces	
SRR5218319	PRJNA368966	control	0							ILLUMINA			UC	Feces	
SRR5218320	PRJNA368966	control	0							ILLUMINA			UC	Feces	
SRR5218321	PRJNA368966	control	0							ILLUMINA			UC	Feces	
SRR5218322	PRJNA368966	control	0							ILLUMINA			UC	Feces	
SRR5218323	PRJNA368966	control	0							ILLUMINA			UC	Feces	
SRR5218324	PRJNA368966	control	0							ILLUMINA			UC	Feces	
SRR5218325	PRJNA368966	control	0							ILLUMINA			UC	Feces	
SRR5218326	PRJNA368966	control	0							ILLUMINA			UC	Feces	
SRR5218327	PRJNA368966	control	0							ILLUMINA			UC	Feces	
SRR5218328	PRJNA368966	control	0							ILLUMINA			UC	Feces	
SRR5218329	PRJNA368966	control	0							ILLUMINA			UC	Feces	
SRR5218330	PRJNA368966	control	0							ILLUMINA			UC	Feces	
SRR5218331	PRJNA368966	control	0							ILLUMINA			UC	Feces	
SRR5218332	PRJNA368966	control	0							ILLUMINA			UC	Feces	
SRR5218333	PRJNA368966	control	0							ILLUMINA			UC	Feces	
SRR5218334	PRJNA368966	control	0							ILLUMINA			UC	Feces	
SRR5218335	PRJNA368966	control	0							ILLUMINA			UC	Feces	
SRR5218336	PRJNA368966	uc	1							ILLUMINA			UC	Feces	
SRR5218337	PRJNA368966	uc	1							ILLUMINA			UC	Feces	
SRR5218338	PRJNA368966	uc	1							ILLUMINA			UC	Feces	
SRR5218339	PRJNA368966	uc	1							ILLUMINA			UC	Feces	
SRR5218340	PRJNA368966	uc	1							ILLUMINA			UC	Feces	
SRR5218341	PRJNA368966	uc	1							ILLUMINA			UC	Feces	
SRR5218342	PRJNA368966	uc	1							ILLUMINA			UC	Feces	
SRR5218343	PRJNA368966	uc	1							ILLUMINA			UC	Feces	
SRR5218344	PRJNA368966	uc	1							ILLUMINA			UC	Feces	
SRR5218345	PRJNA368966	uc	1							ILLUMINA			UC	Feces	
SRR5218346	PRJNA368966	uc	1							ILLUMINA			UC	Feces	
SRR5218347	PRJNA368966	uc	1							ILLUMINA			UC	Feces	
SRR5218348	PRJNA368966	uc	1							ILLUMINA			UC	Feces	
SRR5218349	PRJNA368966	uc	1							ILLUMINA			UC	Feces	
SRR5218350	PRJNA368966	uc	1							ILLUMINA			UC	Feces	
SRR5218351	PRJNA368966	uc	1							ILLUMINA			UC	Feces	
SRR5218352	PRJNA368966	uc	1							ILLUMINA			UC	Feces	
SRR5218353	PRJNA368966	uc	1							ILLUMINA			UC	Feces	
SRR5218354	PRJNA368966	uc	1							ILLUMINA			UC	Feces	
SRR5218355	PRJNA368966	uc	1							ILLUMINA			UC	Feces	
SRR5218356	PRJNA368966	uc	1							ILLUMINA			UC	Feces	
SRR5218357	PRJNA368966	uc	1							ILLUMINA			UC	Feces	
SRR5218358	PRJNA368966	uc	1							ILLUMINA			UC	Feces	
SRR5218359	PRJNA368966	uc	1							ILLUMINA			UC	Feces	
SRR5218360	PRJNA368966	uc	1							ILLUMINA			UC	Feces	
SRR5218361	PRJNA368966	uc	1							ILLUMINA			UC	Feces	
SRR5218362	PRJNA368966	uc	1							ILLUMINA			UC	Feces	
SRR5218363	PRJNA368966	uc	1							ILLUMINA			UC	Feces	
SRR5218364	PRJNA368966	uc	1							ILLUMINA			UC	Feces	
SRR5218365	PRJNA368966	uc	1							ILLUMINA			UC	Feces	
SRR5218366	PRJNA368966	uc	1							ILLUMINA			UC	Feces	
SRR5218367	PRJNA368966	uc	1							ILLUMINA			UC	Feces	
SRR6505424	PRJNA431126	UC	1				China	V4		Illumina MiSeq			UC	feces	U101SN
SRR6505425	PRJNA431126	UC	1				China	V4		Illumina MiSeq			UC	feces	U102F
SRR6505426	PRJNA431126	UC	1				China	V4		Illumina MiSeq			UC	feces	U101F
SRR6505427	PRJNA431126	UC	1				China	V4		Illumina MiSeq			UC	feces	U101RP
SRR6505428	PRJNA431126	Healthy	0				China	V4		Illumina MiSeq			UC	feces	N24F
SRR6505429	PRJNA431126	Healthy	0				China	V4		Illumina MiSeq			UC	feces	N25F
SRR6505430	PRJNA431126	Healthy	0				China	V4		Illumina MiSeq			UC	feces	N02F
SRR6505431	PRJNA431126	Healthy	0				China	V4		Illumina MiSeq			UC	feces	N01R
SRR6505433	PRJNA431126	UC	1				China	V4		Illumina MiSeq			UC	feces	U118IN
SRR6505447	PRJNA431126	UC	1				China	V4		Illumina MiSeq			UC	feces	U227F
SRR6505453	PRJNA431126	UC	1				China	V4		Illumina MiSeq			UC	feces	U102IN
SRR6505456	PRJNA431126	UC	1				China	V4		Illumina MiSeq			UC	feces	U102RP
SRR6505468	PRJNA431126	UC	1				China	V4		Illumina MiSeq			UC	feces	U126IN
SRR6505469	PRJNA431126	UC	1				China	V4		Illumina MiSeq			UC	feces	U105RP
SRR6505470	PRJNA431126	UC	1				China	V4		Illumina MiSeq			UC	feces	U105IN
SRR6505471	PRJNA431126	UC	1				China	V4		Illumina MiSeq			UC	feces	U126F
SRR6505472	PRJNA431126	UC	1				China	V4		Illumina MiSeq			UC	feces	U104IN
SRR6505473	PRJNA431126	UC	1				China	V4		Illumina MiSeq			UC	feces	U104F
SRR6505474	PRJNA431126	UC	1				China	V4		Illumina MiSeq			UC	feces	U105F
SRR6505475	PRJNA431126	UC	1				China	V4		Illumina MiSeq			UC	feces	U104RP
SRR6505476	PRJNA431126	UC	1				China	V4		Illumina MiSeq			UC	feces	U103F
SRR6505477	PRJNA431126	UC	1				China	V4		Illumina MiSeq			UC	feces	U103DP
SRR6505478	PRJNA431126	UC	1				China	V4		Illumina MiSeq			UC	feces	U103RP
SRR6505479	PRJNA431126	UC	1				China	V4		Illumina MiSeq			UC	feces	U103IN
SRR6505502	PRJNA431126	UC	1				China	V4		Illumina MiSeq			UC	feces	U121IN
SRR6505507	PRJNA431126	UC	1				China	V4		Illumina MiSeq			UC	feces	U108F
SRR6505508	PRJNA431126	UC	1				China	V4		Illumina MiSeq			UC	feces	U108IN
SRR6505512	PRJNA431126	UC	1				China	V4		Illumina MiSeq			UC	feces	U106F
SRR6505513	PRJNA431126	UC	1				China	V4		Illumina MiSeq			UC	feces	U106IN
SRR6505514	PRJNA431126	UC	1				China	V4		Illumina MiSeq			UC	feces	U106RP
SRR6505515	PRJNA431126	UC	1				China	V4		Illumina MiSeq			UC	feces	U106TN
SRR6505519	PRJNA431126	UC	1				China	V4		Illumina MiSeq			UC	feces	U108CP
SRR6505522	PRJNA431126	UC	1				China	V4		Illumina MiSeq			UC	feces	U231F
SRR6505523	PRJNA431126	UC	1				China	V4		Illumina MiSeq			UC	feces	U230RP
SRR6505533	PRJNA431126	UC	1				China	V4		Illumina MiSeq			UC	feces	U230F
SRR6505534	PRJNA431126	UC	1				China	V4		Illumina MiSeq			UC	feces	U230IN
SRR6505546	PRJNA431126	UC	1				China	V4		Illumina MiSeq			UC	feces	U110RN
SRR6505547	PRJNA431126	UC	1				China	V4		Illumina MiSeq			UC	feces	U110IN
SRR6505548	PRJNA431126	UC	1				China	V4		Illumina MiSeq			UC	feces	U110F
SRR6505549	PRJNA431126	UC	1				China	V4		Illumina MiSeq			UC	feces	U110CP
SRR6505550	PRJNA431126	UC	1				China	V4		Illumina MiSeq			UC	feces	U109RP
SRR6505552	PRJNA431126	UC	1				China	V4		Illumina MiSeq			UC	feces	U109F
SRR6505553	PRJNA431126	UC	1				China	V4		Illumina MiSeq			UC	feces	U108RP
SRR6505554	PRJNA431126	UC	1				China	V4		Illumina MiSeq			UC	feces	U229RP
SRR6505555	PRJNA431126	UC	1				China	V4		Illumina MiSeq			UC	feces	U229SN
SRR6505556	PRJNA431126	UC	1				China	V4		Illumina MiSeq			UC	feces	U228RP
SRR6505557	PRJNA431126	UC	1				China	V4		Illumina MiSeq			UC	feces	U229F
SRR6505558	PRJNA431126	UC	1				China	V4		Illumina MiSeq			UC	feces	U228F
SRR6505559	PRJNA431126	UC	1				China	V4		Illumina MiSeq			UC	feces	U228IN
SRR6505560	PRJNA431126	UC	1				China	V4		Illumina MiSeq			UC	feces	U111IN
SRR6505561	PRJNA431126	UC	1				China	V4		Illumina MiSeq			UC	feces	U111F
SRR6505564	PRJNA431126	UC	1				China	V4		Illumina MiSeq			UC	feces	U227RP
SRR6505565	PRJNA431126	UC	1				China	V4		Illumina MiSeq			UC	feces	U228CP
SRR6505589	PRJNA431126	UC	1				China	V4		Illumina MiSeq			UC	feces	U112IN
SRR6505590	PRJNA431126	UC	1				China	V4		Illumina MiSeq			UC	feces	U112RP
SRR6505591	PRJNA431126	UC	1				China	V4		Illumina MiSeq			UC	feces	U112DP
SRR6505592	PRJNA431126	UC	1				China	V4		Illumina MiSeq			UC	feces	U112F
SRR6505593	PRJNA431126	UC	1				China	V4		Illumina MiSeq			UC	feces	U113RP
SRR6505594	PRJNA431126	UC	1				China	V4		Illumina MiSeq			UC	feces	U114F
SRR6505595	PRJNA431126	UC	1				China	V4		Illumina MiSeq			UC	feces	U113F
SRR6505596	PRJNA431126	UC	1				China	V4		Illumina MiSeq			UC	feces	U113IN
SRR6505597	PRJNA431126	UC	1				China	V4		Illumina MiSeq			UC	feces	U126CP
SRR6505598	PRJNA431126	UC	1				China	V4		Illumina MiSeq			UC	feces	U126CN
SRR6505599	PRJNA431126	UC	1				China	V4		Illumina MiSeq			UC	feces	U114IN
SRR6505600	PRJNA431126	UC	1				China	V4		Illumina MiSeq			UC	feces	U114RP
SRR6505601	PRJNA431126	UC	1				China	V4		Illumina MiSeq			UC	feces	U125F
SRR6505602	PRJNA431126	UC	1				China	V4		Illumina MiSeq			UC	feces	U125AP
SRR6505603	PRJNA431126	UC	1				China	V4		Illumina MiSeq			UC	feces	U125RN
SRR6505604	PRJNA431126	UC	1				China	V4		Illumina MiSeq			UC	feces	U125IN
SRR6505608	PRJNA431126	UC	1				China	V4		Illumina MiSeq			UC	feces	U227IN
SRR6505628	PRJNA431126	UC	1				China	V4		Illumina MiSeq			UC	feces	U115IN
SRR6505629	PRJNA431126	UC	1				China	V4		Illumina MiSeq			UC	feces	U115F
SRR6505630	PRJNA431126	UC	1				China	V4		Illumina MiSeq			UC	feces	U116RP
SRR6505631	PRJNA431126	UC	1				China	V4		Illumina MiSeq			UC	feces	U116F
SRR6505632	PRJNA431126	UC	1				China	V4		Illumina MiSeq			UC	feces	U117AN
SRR6505633	PRJNA431126	UC	1				China	V4		Illumina MiSeq			UC	feces	U116SN
SRR6505634	PRJNA431126	UC	1				China	V4		Illumina MiSeq			UC	feces	U117IN
SRR6505635	PRJNA431126	UC	1				China	V4		Illumina MiSeq			UC	feces	U117F
SRR6505636	PRJNA431126	UC	1				China	V4		Illumina MiSeq			UC	feces	U118DN
SRR6505637	PRJNA431126	UC	1				China	V4		Illumina MiSeq			UC	feces	U117RP
SRR6505639	PRJNA431126	UC	1				China	V4		Illumina MiSeq			UC	feces	U107F
SRR6505640	PRJNA431126	UC	1				China	V4		Illumina MiSeq			UC	feces	U118F
SRR6505641	PRJNA431126	UC	1				China	V4		Illumina MiSeq			UC	feces	U124RP
SRR6505642	PRJNA431126	UC	1				China	V4		Illumina MiSeq			UC	feces	U107IN
SRR6505644	PRJNA431126	UC	1				China	V4		Illumina MiSeq			UC	feces	U124IN
SRR6505645	PRJNA431126	UC	1				China	V4		Illumina MiSeq			UC	feces	U107RP
SRR6505646	PRJNA431126	UC	1				China	V4		Illumina MiSeq			UC	feces	U231RP
SRR6505658	PRJNA431126	UC	1				China	V4		Illumina MiSeq			UC	feces	U231IN
SRR6505665	PRJNA431126	UC	1				China	V4		Illumina MiSeq			UC	feces	U122RP
SRR6505666	PRJNA431126	UC	1				China	V4		Illumina MiSeq			UC	feces	U122IN
SRR6505667	PRJNA431126	Healthy	0				China	V4		Illumina MiSeq			UC	feces	N22F
SRR6505669	PRJNA431126	Healthy	0				China	V4		Illumina MiSeq			UC	feces	N07R
SRR6505670	PRJNA431126	Healthy	0				China	V4		Illumina MiSeq			UC	feces	N08F
SRR6505671	PRJNA431126	Healthy	0				China	V4		Illumina MiSeq			UC	feces	N08R
SRR6505673	PRJNA431126	Healthy	0				China	V4		Illumina MiSeq			UC	feces	N05R
SRR6505674	PRJNA431126	Healthy	0				China	V4		Illumina MiSeq			UC	feces	N06F
SRR6505675	PRJNA431126	Healthy	0				China	V4		Illumina MiSeq			UC	feces	N06R
SRR6505676	PRJNA431126	Healthy	0				China	V4		Illumina MiSeq			UC	feces	N07F
SRR6505678	PRJNA431126	Healthy	0				China	V4		Illumina MiSeq			UC	feces	N23F
SRR6505679	PRJNA431126	Healthy	0				China	V4		Illumina MiSeq			UC	feces	N10F
SRR6505680	PRJNA431126	Healthy	0				China	V4		Illumina MiSeq			UC	feces	N11F
SRR6505690	PRJNA431126	UC	1				China	V4		Illumina MiSeq			UC	feces	U119RP
SRR6505691	PRJNA431126	UC	1				China	V4		Illumina MiSeq			UC	feces	U120F
SRR6505692	PRJNA431126	UC	1				China	V4		Illumina MiSeq			UC	feces	U120IN
SRR6505693	PRJNA431126	UC	1				China	V4		Illumina MiSeq			UC	feces	U120RP
SRR6505697	PRJNA431126	UC	1				China	V4		Illumina MiSeq			UC	feces	U119F
SRR6505698	PRJNA431126	Healthy	0				China	V4		Illumina MiSeq			UC	feces	N05F
SRR6505699	PRJNA431126	Healthy	0				China	V4		Illumina MiSeq			UC	feces	N05I
SRR6505700	PRJNA431126	Healthy	0				China	V4		Illumina MiSeq			UC	feces	N02I
SRR6505701	PRJNA431126	Healthy	0				China	V4		Illumina MiSeq			UC	feces	N02R
SRR6505702	PRJNA431126	Healthy	0				China	V4		Illumina MiSeq			UC	feces	N03F
SRR6505703	PRJNA431126	Healthy	0				China	V4		Illumina MiSeq			UC	feces	N03I
SRR6505704	PRJNA431126	Healthy	0				China	V4		Illumina MiSeq			UC	feces	N03R
SRR6505705	PRJNA431126	Healthy	0				China	V4		Illumina MiSeq			UC	feces	N04F
SRR6505706	PRJNA431126	Healthy	0				China	V4		Illumina MiSeq			UC	feces	N04I
SRR6505707	PRJNA431126	Healthy	0				China	V4		Illumina MiSeq			UC	feces	N04R
SRR6505708	PRJNA431126	Healthy	0				China	V4		Illumina MiSeq			UC	feces	N15F
SRR6505709	PRJNA431126	Healthy	0				China	V4		Illumina MiSeq			UC	feces	N14F
SRR6505710	PRJNA431126	Healthy	0				China	V4		Illumina MiSeq			UC	feces	N13F
SRR6505711	PRJNA431126	Healthy	0				China	V4		Illumina MiSeq			UC	feces	N12F
SRR6505712	PRJNA431126	Healthy	0				China	V4		Illumina MiSeq			UC	feces	N19F
SRR6505713	PRJNA431126	Healthy	0				China	V4		Illumina MiSeq			UC	feces	N18F
SRR6505714	PRJNA431126	Healthy	0				China	V4		Illumina MiSeq			UC	feces	N17F
SRR6505715	PRJNA431126	Healthy	0				China	V4		Illumina MiSeq			UC	feces	N16F
SRR6505717	PRJNA431126	Healthy	0				China	V4		Illumina MiSeq			UC	feces	N20F
SRR6505718	PRJNA431126	UC	1				China	V4		Illumina MiSeq			UC	feces	U121F
SRR6505729	PRJNA431126	UC	1				China	V4		Illumina MiSeq			UC	feces	U122F
SRR6505730	PRJNA431126	UC	1				China	V4		Illumina MiSeq			UC	feces	U121RP
SRR6505732	PRJNA431126	UC	1				China	V4		Illumina MiSeq			UC	feces	U123RP
SRR6505733	PRJNA431126	UC	1				China	V4		Illumina MiSeq			UC	feces	U123IN
SRR6505734	PRJNA431126	UC	1				China	V4		Illumina MiSeq			UC	feces	U123F
SRR8534043	PRJNA450340	control	0	52.0	male		Canada: Winnipeg			ILLUMINA			UC	feces	
SRR8534044	PRJNA450340	control	0	30.0	male		Canada: Winnipeg			ILLUMINA			UC	feces	
SRR8534045	PRJNA450340	control	0	38.0	male		Canada: Winnipeg			ILLUMINA			UC	feces	
SRR8534046	PRJNA450340	control	0	29.0	male		Canada: Winnipeg			ILLUMINA			UC	feces	
SRR8534047	PRJNA450340	control	0	46.0	female		Canada: Winnipeg			ILLUMINA			UC	feces	
SRR8534049	PRJNA450340	control	0	38.0	male		Canada: Winnipeg			ILLUMINA			UC	feces	
SRR8534050	PRJNA450340	control	0	46.0	female		Canada: Winnipeg			ILLUMINA			UC	feces	
SRR8534056	PRJNA450340	uc	1	48.0	female		Canada: Winnipeg			ILLUMINA			UC	feces	
SRR8534059	PRJNA450340	uc	1	43.0	female		Canada: Winnipeg			ILLUMINA			UC	feces	
SRR8534060	PRJNA450340	uc	1	46.0	male		Canada: Winnipeg			ILLUMINA			UC	feces	
SRR8534061	PRJNA450340	uc	1	48.0	female		Canada: Winnipeg			ILLUMINA			UC	feces	
SRR8534062	PRJNA450340	uc	1	43.0	female		Canada: Winnipeg			ILLUMINA			UC	feces	
SRR8534063	PRJNA450340	uc	1	46.0	male		Canada: Winnipeg			ILLUMINA			UC	feces	
SRR8534064	PRJNA450340	uc	1	53.0	male		Canada: Winnipeg			ILLUMINA			UC	feces	
SRR8534065	PRJNA450340	control	0	25.0	female		Canada: Winnipeg			ILLUMINA			UC	feces	
SRR8534069	PRJNA450340	uc	1	29.0	male		Canada: Winnipeg			ILLUMINA			UC	feces	
SRR8534075	PRJNA450340	uc	1	29.0	male		Canada: Winnipeg			ILLUMINA			UC	feces	
SRR8534077	PRJNA450340	control	0	34.0	female		Canada: Winnipeg			ILLUMINA			UC	feces	
SRR8534079	PRJNA450340	control	0	22.0	female		Canada: Winnipeg			ILLUMINA			UC	feces	
SRR8534080	PRJNA450340	control	0	22.0	female		Canada: Winnipeg			ILLUMINA			UC	feces	
SRR8534081	PRJNA450340	control	0	56.0	female		Canada: Winnipeg			ILLUMINA			UC	feces	
SRR8534082	PRJNA450340	control	0	56.0	female		Canada: Winnipeg			ILLUMINA			UC	feces	
SRR8534084	PRJNA450340	control	0	29.0	male		Canada: Winnipeg			ILLUMINA			UC	feces	
SRR8534087	PRJNA450340	control	0	30.0	male		Canada: Winnipeg			ILLUMINA			UC	feces	
SRR8534090	PRJNA450340	control	0		female		Canada: Winnipeg			ILLUMINA			UC	feces	
SRR8534099	PRJNA450340	control	0	26.0	female		Canada: Winnipeg			ILLUMINA			UC	feces	
SRR8534100	PRJNA450340	control	0	26.0	female		Canada: Winnipeg			ILLUMINA			UC	feces	
SRR8534109	PRJNA450340	control	0	26.0	male		Canada: Winnipeg			ILLUMINA			UC	feces	
SRR8534114	PRJNA450340	control	0	28.0	female		Canada: Winnipeg			ILLUMINA			UC	feces	
SRR8534123	PRJNA450340	control	0		female		Canada: Winnipeg			ILLUMINA			UC	feces	
SRR8534126	PRJNA450340	uc	1	58.0	female		Canada: Winnipeg			ILLUMINA			UC	feces	
SRR8534127	PRJNA450340	control	0	34.0	male		Canada: Winnipeg			ILLUMINA			UC	feces	
SRR8534128	PRJNA450340	uc	1	58.0	female		Canada: Winnipeg			ILLUMINA			UC	feces	
SRR8534133	PRJNA450340	control	0		male		Canada: Winnipeg			ILLUMINA			UC	feces	
SRR8534146	PRJNA450340	control	0		female		Canada: Winnipeg			ILLUMINA			UC	feces	
SRR8534147	PRJNA450340	control	0		male		Canada: Winnipeg			ILLUMINA			UC	feces	
SRR8534148	PRJNA450340	control	0		female		Canada: Winnipeg			ILLUMINA			UC	feces	
SRR8534159	PRJNA450340	control	0	32.0	male		Canada: Winnipeg			ILLUMINA			UC	feces	
SRR8534160	PRJNA450340	control	0	28.0	female		Canada: Winnipeg			ILLUMINA			UC	feces	
SRR8534173	PRJNA450340	control	0	26.0	male		Canada: Winnipeg			ILLUMINA			UC	feces	
SRR8534182	PRJNA450340	control	0	32.0	male		Canada: Winnipeg			ILLUMINA			UC	feces	
SRR8534185	PRJNA450340	control	0	28.0	male		Canada: Winnipeg			ILLUMINA			UC	feces	
SRR8534186	PRJNA450340	control	0	26.0	male		Canada: Winnipeg			ILLUMINA			UC	feces	
SRR8534187	PRJNA450340	control	0	25.0	female		Canada: Winnipeg			ILLUMINA			UC	feces	
SRR8534188	PRJNA450340	control	0		female		Canada: Winnipeg			ILLUMINA			UC	feces	
SRR8534199	PRJNA450340	uc	1	55.0	female		Canada: Winnipeg			ILLUMINA			UC	feces	
SRR8534201	PRJNA450340	uc	1	66.0	male		Canada: Winnipeg			ILLUMINA			UC	feces	
SRR8534202	PRJNA450340	uc	1	58.0	female		Canada: Winnipeg			ILLUMINA			UC	feces	
SRR8534204	PRJNA450340	uc	1	66.0	male		Canada: Winnipeg			ILLUMINA			UC	feces	
SRR8534205	PRJNA450340	uc	1	67.0	female		Canada: Winnipeg			ILLUMINA			UC	feces	
SRR8534206	PRJNA450340	uc	1	55.0	female		Canada: Winnipeg			ILLUMINA			UC	feces	
SRR8534207	PRJNA450340	uc	1	58.0	female		Canada: Winnipeg			ILLUMINA			UC	feces	
SRR8534208	PRJNA450340	uc	1	67.0	female		Canada: Winnipeg			ILLUMINA			UC	feces	
SRR8534209	PRJNA450340	control	0	28.0	male		Canada: Winnipeg			ILLUMINA			UC	feces	
SRR8534210	PRJNA450340	control	0	52.0	male		Canada: Winnipeg			ILLUMINA			UC	feces	
SRR8534213	PRJNA450340	control	0	26.0	male		Canada: Winnipeg			ILLUMINA			UC	feces	
SRR8534214	PRJNA450340	control	0	26.0	male		Canada: Winnipeg			ILLUMINA			UC	feces	
SRR8534215	PRJNA450340	control	0	27.0	female		Canada: Winnipeg			ILLUMINA			UC	feces	
SRR8534216	PRJNA450340	control	0	27.0	female		Canada: Winnipeg			ILLUMINA			UC	feces	
SRR8534217	PRJNA450340	control	0	25.0	female		Canada: Winnipeg			ILLUMINA			UC	feces	
SRR8534218	PRJNA450340	control	0	25.0	female		Canada: Winnipeg			ILLUMINA			UC	feces	
SRR8534219	PRJNA450340	uc	1	49.0	male		Canada: Winnipeg			ILLUMINA			UC	feces	
SRR8534220	PRJNA450340	uc	1	49.0	male		Canada: Winnipeg			ILLUMINA			UC	feces	
SRR8534221	PRJNA450340	uc	1	57.0	female		Canada: Winnipeg			ILLUMINA			UC	feces	
SRR8534222	PRJNA450340	uc	1	57.0	female		Canada: Winnipeg			ILLUMINA			UC	feces	
SRR8534223	PRJNA450340	uc	1	52.0	female		Canada: Winnipeg			ILLUMINA			UC	feces	
SRR8534224	PRJNA450340	uc	1	52.0	female		Canada: Winnipeg			ILLUMINA			UC	feces	
SRR8534225	PRJNA450340	uc	1	52.0	female		Canada: Winnipeg			ILLUMINA			UC	feces	
SRR8534232	PRJNA450340	uc	1	66.0	male		Canada: Winnipeg			ILLUMINA			UC	feces	
SRR8534234	PRJNA450340	uc	1	71.0	female		Canada: Winnipeg			ILLUMINA			UC	feces	
SRR8534235	PRJNA450340	uc	1	66.0	male		Canada: Winnipeg			ILLUMINA			UC	feces	
SRR8534240	PRJNA450340	control	0	34.0	female		Canada: Winnipeg			ILLUMINA			UC	feces	
SRR8534242	PRJNA450340	uc	1	44.0	male		Canada: Winnipeg			ILLUMINA			UC	feces	
SRR8534243	PRJNA450340	uc	1	44.0	male		Canada: Winnipeg			ILLUMINA			UC	feces	
SRR8534244	PRJNA450340	uc	1	29.0	male		Canada: Winnipeg			ILLUMINA			UC	feces	
SRR8534245	PRJNA450340	uc	1	29.0	male		Canada: Winnipeg			ILLUMINA			UC	feces	
SRR8534246	PRJNA450340	uc	1	29.0	male		Canada: Winnipeg			ILLUMINA			UC	feces	
SRR8534247	PRJNA450340	uc	1	27.0	female		Canada: Winnipeg			ILLUMINA			UC	feces	
SRR8534248	PRJNA450340	uc	1	27.0	female		Canada: Winnipeg			ILLUMINA			UC	feces	
SRR8534249	PRJNA450340	uc	1	53.0	male		Canada: Winnipeg			ILLUMINA			UC	feces	
SRR8534250	PRJNA450340	control	0	26.0	male		Canada: Winnipeg			ILLUMINA			UC	feces	
SRR8534251	PRJNA450340	control	0	26.0	male		Canada: Winnipeg			ILLUMINA			UC	feces	
SRR8534252	PRJNA450340	control	0		female		Canada: Winnipeg			ILLUMINA			UC	feces	
SRR8534253	PRJNA450340	uc	1	56.0	female		Canada: Winnipeg			ILLUMINA			UC	feces	
SRR8534254	PRJNA450340	uc	1	56.0	female		Canada: Winnipeg			ILLUMINA			UC	feces	
SRR6463039	PRJNA422193	UC	1				Spain:barcelona	V4	FWD:GTGCCAGCMGCCGCGGTAA; REV:GGACTACHVGGGTWTCTAAT	Illumina MiSeq			UC	feces	UC.SPA.58.0
SRR6463041	PRJNA422193	UC	1				Spain:barcelona	V4	FWD:GTGCCAGCMGCCGCGGTAA; REV:GGACTACHVGGGTWTCTAAT	Illumina MiSeq			UC	feces	UC.SPA.57.0
SRR6463046	PRJNA422193	UC	1				Spain:barcelona	V4	FWD:GTGCCAGCMGCCGCGGTAA; REV:GGACTACHVGGGTWTCTAAT	Illumina MiSeq			UC	feces	UC.SPA.59.0
SRR6463068	PRJNA422193	UC	1				Spain:barcelona	V4	FWD:GTGCCAGCMGCCGCGGTAA; REV:GGACTACHVGGGTWTCTAAT	Illumina MiSeq			UC	feces	UC.SPA.15.0
SRR6463074	PRJNA422193	UC	1				Spain:barcelona	V4	FWD:GTGCCAGCMGCCGCGGTAA; REV:GGACTACHVGGGTWTCTAAT	Illumina MiSeq			UC	feces	UC.SPA.13.0
SRR6463078	PRJNA422193	UC	1				Spain:barcelona	V4	FWD:GTGCCAGCMGCCGCGGTAA; REV:GGACTACHVGGGTWTCTAAT	Illumina MiSeq			UC	feces	UC.SPA.50.0
SRR6463081	PRJNA422193	UC	1				Spain:barcelona	V4	FWD:GTGCCAGCMGCCGCGGTAA; REV:GGACTACHVGGGTWTCTAAT	Illumina MiSeq			UC	feces	UC.SPA.49.0
SRR6463083	PRJNA422193	UC	1				Spain:barcelona	V4	FWD:GTGCCAGCMGCCGCGGTAA; REV:GGACTACHVGGGTWTCTAAT	Illumina MiSeq			UC	feces	UC.SPA.5.0
SRR6463084	PRJNA422193	UC	1				Spain:barcelona	V4	FWD:GTGCCAGCMGCCGCGGTAA; REV:GGACTACHVGGGTWTCTAAT	Illumina MiSeq			UC	feces	UC.SPA.51.0
SRR6463087	PRJNA422193	UC	1				Spain:barcelona	V4	FWD:GTGCCAGCMGCCGCGGTAA; REV:GGACTACHVGGGTWTCTAAT	Illumina MiSeq			UC	feces	UC.SPA.64.0
SRR6463088	PRJNA422193	Healthy	0				Spain:barcelona	V4	FWD:GTGCCAGCMGCCGCGGTAA; REV:GGACTACHVGGGTWTCTAAT	Illumina MiSeq			UC	feces	H.49
SRR6463090	PRJNA422193	Healthy	0				Spain:barcelona	V4	FWD:GTGCCAGCMGCCGCGGTAA; REV:GGACTACHVGGGTWTCTAAT	Illumina MiSeq			UC	feces	H.48
SRR6463092	PRJNA422193	Healthy	0				Spain:barcelona	V4	FWD:GTGCCAGCMGCCGCGGTAA; REV:GGACTACHVGGGTWTCTAAT	Illumina MiSeq			UC	feces	H.47
SRR6463094	PRJNA422193	Healthy	0				Spain:barcelona	V4	FWD:GTGCCAGCMGCCGCGGTAA; REV:GGACTACHVGGGTWTCTAAT	Illumina MiSeq			UC	feces	H.46
SRR6463096	PRJNA422193	Healthy	0				Spain:barcelona	V4	FWD:GTGCCAGCMGCCGCGGTAA; REV:GGACTACHVGGGTWTCTAAT	Illumina MiSeq			UC	feces	H.50
SRR6463114	PRJNA422193	UC	1				Spain:barcelona	V4	FWD:GTGCCAGCMGCCGCGGTAA; REV:GGACTACHVGGGTWTCTAAT	Illumina MiSeq			UC	feces	UC.SPA.38.0
SRR6463117	PRJNA422193	UC	1				Spain:barcelona	V4	FWD:GTGCCAGCMGCCGCGGTAA; REV:GGACTACHVGGGTWTCTAAT	Illumina MiSeq			UC	feces	UC.SPA.39.0
SRR6463122	PRJNA422193	Healthy	0				Spain:barcelona	V4	FWD:GTGCCAGCMGCCGCGGTAA; REV:GGACTACHVGGGTWTCTAAT	Illumina MiSeq			UC	feces	H.54
SRR6463123	PRJNA422193	Healthy	0				Spain:barcelona	V4	FWD:GTGCCAGCMGCCGCGGTAA; REV:GGACTACHVGGGTWTCTAAT	Illumina MiSeq			UC	feces	H.53
SRR6463124	PRJNA422193	Healthy	0				Spain:barcelona	V4	FWD:GTGCCAGCMGCCGCGGTAA; REV:GGACTACHVGGGTWTCTAAT	Illumina MiSeq			UC	feces	H.52
SRR6463125	PRJNA422193	Healthy	0				Spain:barcelona	V4	FWD:GTGCCAGCMGCCGCGGTAA; REV:GGACTACHVGGGTWTCTAAT	Illumina MiSeq			UC	feces	H.51
SRR6463146	PRJNA422193	UC	1				Spain:barcelona	V4	FWD:GTGCCAGCMGCCGCGGTAA; REV:GGACTACHVGGGTWTCTAAT	Illumina MiSeq			UC	feces	UC.SPA.60.0
SRR6463148	PRJNA422193	UC	1				Spain:barcelona	V4	FWD:GTGCCAGCMGCCGCGGTAA; REV:GGACTACHVGGGTWTCTAAT	Illumina MiSeq			UC	feces	UC.SPA.61.0
SRR6463150	PRJNA422193	UC	1				Spain:barcelona	V4	FWD:GTGCCAGCMGCCGCGGTAA; REV:GGACTACHVGGGTWTCTAAT	Illumina MiSeq			UC	feces	UC.SPA.62.0
SRR6463152	PRJNA422193	UC	1				Spain:barcelona	V4	FWD:GTGCCAGCMGCCGCGGTAA; REV:GGACTACHVGGGTWTCTAAT	Illumina MiSeq			UC	feces	UC.SPA.63.0
SRR6463176	PRJNA422193	UC	1				Spain:barcelona	V4	FWD:GTGCCAGCMGCCGCGGTAA; REV:GGACTACHVGGGTWTCTAAT	Illumina MiSeq			UC	feces	UC.SPA.12.0
SRR6463178	PRJNA422193	UC	1				Spain:barcelona	V4	FWD:GTGCCAGCMGCCGCGGTAA; REV:GGACTACHVGGGTWTCTAAT	Illumina MiSeq			UC	feces	UC.SPA.11.0
SRR6463196	PRJNA422193	Healthy	0				Spain:barcelona	V4	FWD:GTGCCAGCMGCCGCGGTAA; REV:GGACTACHVGGGTWTCTAAT	Illumina MiSeq			UC	feces	H.43
SRR6463198	PRJNA422193	Healthy	0				Spain:barcelona	V4	FWD:GTGCCAGCMGCCGCGGTAA; REV:GGACTACHVGGGTWTCTAAT	Illumina MiSeq			UC	feces	H.44
SRR6463200	PRJNA422193	Healthy	0				Spain:barcelona	V4	FWD:GTGCCAGCMGCCGCGGTAA; REV:GGACTACHVGGGTWTCTAAT	Illumina MiSeq			UC	feces	H.41
SRR6463202	PRJNA422193	Healthy	0				Spain:barcelona	V4	FWD:GTGCCAGCMGCCGCGGTAA; REV:GGACTACHVGGGTWTCTAAT	Illumina MiSeq			UC	feces	H.42
SRR6463208	PRJNA422193	Healthy	0				Spain:barcelona	V4	FWD:GTGCCAGCMGCCGCGGTAA; REV:GGACTACHVGGGTWTCTAAT	Illumina MiSeq			UC	feces	H.45
SRR6463221	PRJNA422193	Healthy	0				Spain:barcelona	V4	FWD:GTGCCAGCMGCCGCGGTAA; REV:GGACTACHVGGGTWTCTAAT	Illumina MiSeq			UC	feces	H.30
SRR6463222	PRJNA422193	UC	1				Spain:barcelona	V4	FWD:GTGCCAGCMGCCGCGGTAA; REV:GGACTACHVGGGTWTCTAAT	Illumina MiSeq			UC	feces	UC.SPA.3.0
SRR6463227	PRJNA422193	UC	1				Spain:barcelona	V4	FWD:GTGCCAGCMGCCGCGGTAA; REV:GGACTACHVGGGTWTCTAAT	Illumina MiSeq			UC	feces	UC.SPA.31.0
SRR6463230	PRJNA422193	UC	1				Spain:barcelona	V4	FWD:GTGCCAGCMGCCGCGGTAA; REV:GGACTACHVGGGTWTCTAAT	Illumina MiSeq			UC	feces	UC.SPA.35.0
SRR6463243	PRJNA422193	UC	1				Spain:barcelona	V4	FWD:GTGCCAGCMGCCGCGGTAA; REV:GGACTACHVGGGTWTCTAAT	Illumina MiSeq			UC	feces	UC.SPA.25.0
SRR6463245	PRJNA422193	UC	1				Spain:barcelona	V4	FWD:GTGCCAGCMGCCGCGGTAA; REV:GGACTACHVGGGTWTCTAAT	Illumina MiSeq			UC	feces	UC.SPA.26.0
SRR6463249	PRJNA422193	UC	1				Spain:barcelona	V4	FWD:GTGCCAGCMGCCGCGGTAA; REV:GGACTACHVGGGTWTCTAAT	Illumina MiSeq			UC	feces	UC.SPA.23.0
SRR6463268	PRJNA422193	Healthy	0				Spain:barcelona	V4	FWD:GTGCCAGCMGCCGCGGTAA; REV:GGACTACHVGGGTWTCTAAT	Illumina MiSeq			UC	feces	H.39
SRR6463269	PRJNA422193	Healthy	0				Spain:barcelona	V4	FWD:GTGCCAGCMGCCGCGGTAA; REV:GGACTACHVGGGTWTCTAAT	Illumina MiSeq			UC	feces	H.40
SRR6463270	PRJNA422193	Healthy	0				Spain:barcelona	V4	FWD:GTGCCAGCMGCCGCGGTAA; REV:GGACTACHVGGGTWTCTAAT	Illumina MiSeq			UC	feces	H.35
SRR6463271	PRJNA422193	Healthy	0				Spain:barcelona	V4	FWD:GTGCCAGCMGCCGCGGTAA; REV:GGACTACHVGGGTWTCTAAT	Illumina MiSeq			UC	feces	H.36
SRR6463272	PRJNA422193	Healthy	0				Spain:barcelona	V4	FWD:GTGCCAGCMGCCGCGGTAA; REV:GGACTACHVGGGTWTCTAAT	Illumina MiSeq			UC	feces	H.37
SRR6463273	PRJNA422193	Healthy	0				Spain:barcelona	V4	FWD:GTGCCAGCMGCCGCGGTAA; REV:GGACTACHVGGGTWTCTAAT	Illumina MiSeq			UC	feces	H.38
SRR6463274	PRJNA422193	Healthy	0				Spain:barcelona	V4	FWD:GTGCCAGCMGCCGCGGTAA; REV:GGACTACHVGGGTWTCTAAT	Illumina MiSeq			UC	feces	H.31
SRR6463275	PRJNA422193	Healthy	0				Spain:barcelona	V4	FWD:GTGCCAGCMGCCGCGGTAA; REV:GGACTACHVGGGTWTCTAAT	Illumina MiSeq			UC	feces	H.32
SRR6463276	PRJNA422193	Healthy	0				Spain:barcelona	V4	FWD:GTGCCAGCMGCCGCGGTAA; REV:GGACTACHVGGGTWTCTAAT	Illumina MiSeq			UC	feces	H.33
SRR6463277	PRJNA422193	Healthy	0				Spain:barcelona	V4	FWD:GTGCCAGCMGCCGCGGTAA; REV:GGACTACHVGGGTWTCTAAT	Illumina MiSeq			UC	feces	H.34
SRR6463308	PRJNA422193	UC	1				Spain:barcelona	V4	FWD:GTGCCAGCMGCCGCGGTAA; REV:GGACTACHVGGGTWTCTAAT	Illumina MiSeq			UC	feces	UC.SPA.40.0
SRR6463310	PRJNA422193	UC	1				Spain:barcelona	V4	FWD:GTGCCAGCMGCCGCGGTAA; REV:GGACTACHVGGGTWTCTAAT	Illumina MiSeq			UC	feces	UC.SPA.45.0
SRR6463313	PRJNA422193	UC	1				Spain:barcelona	V4	FWD:GTGCCAGCMGCCGCGGTAA; REV:GGACTACHVGGGTWTCTAAT	Illumina MiSeq			UC	feces	UC.SPA.47.0
SRR6463331	PRJNA422193	UC	1				Spain:barcelona	V4	FWD:GTGCCAGCMGCCGCGGTAA; REV:GGACTACHVGGGTWTCTAAT	Illumina MiSeq			UC	feces	UC.SPA.14.0
SRR6463344	PRJNA422193	UC	1				Spain:barcelona	V4	FWD:GTGCCAGCMGCCGCGGTAA; REV:GGACTACHVGGGTWTCTAAT	Illumina MiSeq			UC	feces	UC.SPA.10.0
SRR6463347	PRJNA422193	UC	1				Spain:barcelona	V4	FWD:GTGCCAGCMGCCGCGGTAA; REV:GGACTACHVGGGTWTCTAAT	Illumina MiSeq			UC	feces	UC.SPA.1.0
SRR6463368	PRJNA422193	UC	1				Spain:barcelona	V4	FWD:GTGCCAGCMGCCGCGGTAA; REV:GGACTACHVGGGTWTCTAAT	Illumina MiSeq			UC	feces	UC.SPA.2.0
SRR6463371	PRJNA422193	UC	1				Spain:barcelona	V4	FWD:GTGCCAGCMGCCGCGGTAA; REV:GGACTACHVGGGTWTCTAAT	Illumina MiSeq			UC	feces	UC.SPA.17.0
SRR6463377	PRJNA422193	UC	1				Spain:barcelona	V4	FWD:GTGCCAGCMGCCGCGGTAA; REV:GGACTACHVGGGTWTCTAAT	Illumina MiSeq			UC	feces	UC.SPA.21.0
SRR6463379	PRJNA422193	UC	1				Spain:barcelona	V4	FWD:GTGCCAGCMGCCGCGGTAA; REV:GGACTACHVGGGTWTCTAAT	Illumina MiSeq			UC	feces	UC.SPA.55.0
SRR6463381	PRJNA422193	UC	1				Spain:barcelona	V4	FWD:GTGCCAGCMGCCGCGGTAA; REV:GGACTACHVGGGTWTCTAAT	Illumina MiSeq			UC	feces	UC.SPA.54.0
SRR6463383	PRJNA422193	UC	1				Spain:barcelona	V4	FWD:GTGCCAGCMGCCGCGGTAA; REV:GGACTACHVGGGTWTCTAAT	Illumina MiSeq			UC	feces	UC.SPA.53.0
SRR6463385	PRJNA422193	UC	1				Spain:barcelona	V4	FWD:GTGCCAGCMGCCGCGGTAA; REV:GGACTACHVGGGTWTCTAAT	Illumina MiSeq			UC	feces	UC.SPA.52.0
SRR6463388	PRJNA422193	UC	1				Spain:barcelona	V4	FWD:GTGCCAGCMGCCGCGGTAA; REV:GGACTACHVGGGTWTCTAAT	Illumina MiSeq			UC	feces	UC.SPA.56.0
SRR6463392	PRJNA422193	Healthy	0				Spain:barcelona	V4	FWD:GTGCCAGCMGCCGCGGTAA; REV:GGACTACHVGGGTWTCTAAT	Illumina MiSeq			UC	feces	H.29
SRR6463393	PRJNA422193	Healthy	0				Spain:barcelona	V4	FWD:GTGCCAGCMGCCGCGGTAA; REV:GGACTACHVGGGTWTCTAAT	Illumina MiSeq			UC	feces	H.24
SRR6463394	PRJNA422193	Healthy	0				Spain:barcelona	V4	FWD:GTGCCAGCMGCCGCGGTAA; REV:GGACTACHVGGGTWTCTAAT	Illumina MiSeq			UC	feces	H.23
SRR6463395	PRJNA422193	Healthy	0				Spain:barcelona	V4	FWD:GTGCCAGCMGCCGCGGTAA; REV:GGACTACHVGGGTWTCTAAT	Illumina MiSeq			UC	feces	H.22
SRR6463396	PRJNA422193	Healthy	0				Spain:barcelona	V4	FWD:GTGCCAGCMGCCGCGGTAA; REV:GGACTACHVGGGTWTCTAAT	Illumina MiSeq			UC	feces	H.21
SRR6463397	PRJNA422193	Healthy	0				Spain:barcelona	V4	FWD:GTGCCAGCMGCCGCGGTAA; REV:GGACTACHVGGGTWTCTAAT	Illumina MiSeq			UC	feces	H.28
SRR6463398	PRJNA422193	Healthy	0				Spain:barcelona	V4	FWD:GTGCCAGCMGCCGCGGTAA; REV:GGACTACHVGGGTWTCTAAT	Illumina MiSeq			UC	feces	H.27
SRR6463399	PRJNA422193	Healthy	0				Spain:barcelona	V4	FWD:GTGCCAGCMGCCGCGGTAA; REV:GGACTACHVGGGTWTCTAAT	Illumina MiSeq			UC	feces	H.26
SRR6463400	PRJNA422193	Healthy	0				Spain:barcelona	V4	FWD:GTGCCAGCMGCCGCGGTAA; REV:GGACTACHVGGGTWTCTAAT	Illumina MiSeq			UC	feces	H.25
SRR6463424	PRJNA422193	UC	1				Spain:barcelona	V4	FWD:GTGCCAGCMGCCGCGGTAA; REV:GGACTACHVGGGTWTCTAAT	Illumina MiSeq			UC	feces	UC.SPA.4.0
