sample	study	diagnosis	group	age	sex	bmi	country	region	pcr_primers	platform	disease_name	title	disease_name_ab	host_body_mass_index
SRR13592997	PRJNA695309	Graves disease	1.0	43	female		China	V3-V4	FWD:CCTACGGGNGGCWGCAG;REV:GACTACHVGGGTATCTAATCC	Illumina MiSeq	Graves disease	Alterations of Gut Microbiota in Patients With Graves�� Disease	GD	
SRR13592998	PRJNA695309	Graves disease	1.0	65	female		China	V3-V4	FWD:CCTACGGGNGGCWGCAG;REV:GACTACHVGGGTATCTAATCC	Illumina MiSeq	Graves disease	Alterations of Gut Microbiota in Patients With Graves�� Disease	GD	
SRR13592999	PRJNA695309	Graves disease	1.0	57	female		China	V3-V4	FWD:CCTACGGGNGGCWGCAG;REV:GACTACHVGGGTATCTAATCC	Illumina MiSeq	Graves disease	Alterations of Gut Microbiota in Patients With Graves�� Disease	GD	
SRR13593000	PRJNA695309	Graves disease	1.0	55	male		China	V3-V4	FWD:CCTACGGGNGGCWGCAG;REV:GACTACHVGGGTATCTAATCC	Illumina MiSeq	Graves disease	Alterations of Gut Microbiota in Patients With Graves�� Disease	GD	
SRR13593001	PRJNA695309	Graves disease	1.0	45	female		China	V3-V4	FWD:CCTACGGGNGGCWGCAG;REV:GACTACHVGGGTATCTAATCC	Illumina MiSeq	Graves disease	Alterations of Gut Microbiota in Patients With Graves�� Disease	GD	
SRR13593002	PRJNA695309	Graves disease	1.0	60	female		China	V3-V4	FWD:CCTACGGGNGGCWGCAG;REV:GACTACHVGGGTATCTAATCC	Illumina MiSeq	Graves disease	Alterations of Gut Microbiota in Patients With Graves�� Disease	GD	
SRR13593003	PRJNA695309	Graves disease	1.0	48	female		China	V3-V4	FWD:CCTACGGGNGGCWGCAG;REV:GACTACHVGGGTATCTAATCC	Illumina MiSeq	Graves disease	Alterations of Gut Microbiota in Patients With Graves�� Disease	GD	
SRR13593004	PRJNA695309	Graves disease	1.0	57	female		China	V3-V4	FWD:CCTACGGGNGGCWGCAG;REV:GACTACHVGGGTATCTAATCC	Illumina MiSeq	Graves disease	Alterations of Gut Microbiota in Patients With Graves�� Disease	GD	
SRR13593005	PRJNA695309	Graves disease	1.0	52	male		China	V3-V4	FWD:CCTACGGGNGGCWGCAG;REV:GACTACHVGGGTATCTAATCC	Illumina MiSeq	Graves disease	Alterations of Gut Microbiota in Patients With Graves�� Disease	GD	
SRR13593006	PRJNA695309	Graves disease	1.0	42	female		China	V3-V4	FWD:CCTACGGGNGGCWGCAG;REV:GACTACHVGGGTATCTAATCC	Illumina MiSeq	Graves disease	Alterations of Gut Microbiota in Patients With Graves�� Disease	GD	
SRR13593007	PRJNA695309	Healthy control	0.0	57	female		China	V3-V4	FWD:CCTACGGGNGGCWGCAG;REV:GACTACHVGGGTATCTAATCC	Illumina MiSeq	Graves disease	Alterations of Gut Microbiota in Patients With Graves�� Disease	GD	
SRR13593008	PRJNA695309	Graves disease	1.0	47	male		China	V3-V4	FWD:CCTACGGGNGGCWGCAG;REV:GACTACHVGGGTATCTAATCC	Illumina MiSeq	Graves disease	Alterations of Gut Microbiota in Patients With Graves�� Disease	GD	
SRR13593009	PRJNA695309	Graves disease	1.0	36	male		China	V3-V4	FWD:CCTACGGGNGGCWGCAG;REV:GACTACHVGGGTATCTAATCC	Illumina MiSeq	Graves disease	Alterations of Gut Microbiota in Patients With Graves�� Disease	GD	
SRR13593010	PRJNA695309	Graves disease	1.0	40	female		China	V3-V4	FWD:CCTACGGGNGGCWGCAG;REV:GACTACHVGGGTATCTAATCC	Illumina MiSeq	Graves disease	Alterations of Gut Microbiota in Patients With Graves�� Disease	GD	
SRR13593011	PRJNA695309	Graves disease	1.0	66	male		China	V3-V4	FWD:CCTACGGGNGGCWGCAG;REV:GACTACHVGGGTATCTAATCC	Illumina MiSeq	Graves disease	Alterations of Gut Microbiota in Patients With Graves�� Disease	GD	
SRR13593012	PRJNA695309	Graves disease	1.0	28	male		China	V3-V4	FWD:CCTACGGGNGGCWGCAG;REV:GACTACHVGGGTATCTAATCC	Illumina MiSeq	Graves disease	Alterations of Gut Microbiota in Patients With Graves�� Disease	GD	
SRR13593013	PRJNA695309	Graves disease	1.0	45	female		China	V3-V4	FWD:CCTACGGGNGGCWGCAG;REV:GACTACHVGGGTATCTAATCC	Illumina MiSeq	Graves disease	Alterations of Gut Microbiota in Patients With Graves�� Disease	GD	
SRR13593014	PRJNA695309	Graves disease	1.0	38	female		China	V3-V4	FWD:CCTACGGGNGGCWGCAG;REV:GACTACHVGGGTATCTAATCC	Illumina MiSeq	Graves disease	Alterations of Gut Microbiota in Patients With Graves�� Disease	GD	
SRR13593015	PRJNA695309	Graves disease	1.0	67	male		China	V3-V4	FWD:CCTACGGGNGGCWGCAG;REV:GACTACHVGGGTATCTAATCC	Illumina MiSeq	Graves disease	Alterations of Gut Microbiota in Patients With Graves�� Disease	GD	
SRR13593016	PRJNA695309	Graves disease	1.0	33	male		China	V3-V4	FWD:CCTACGGGNGGCWGCAG;REV:GACTACHVGGGTATCTAATCC	Illumina MiSeq	Graves disease	Alterations of Gut Microbiota in Patients With Graves�� Disease	GD	
SRR13593017	PRJNA695309	Graves disease	1.0	25	female		China	V3-V4	FWD:CCTACGGGNGGCWGCAG;REV:GACTACHVGGGTATCTAATCC	Illumina MiSeq	Graves disease	Alterations of Gut Microbiota in Patients With Graves�� Disease	GD	
SRR13593018	PRJNA695309	Healthy control	0.0	52	female		China	V3-V4	FWD:CCTACGGGNGGCWGCAG;REV:GACTACHVGGGTATCTAATCC	Illumina MiSeq	Graves disease	Alterations of Gut Microbiota in Patients With Graves�� Disease	GD	
SRR13593019	PRJNA695309	Graves disease	1.0	41	female		China	V3-V4	FWD:CCTACGGGNGGCWGCAG;REV:GACTACHVGGGTATCTAATCC	Illumina MiSeq	Graves disease	Alterations of Gut Microbiota in Patients With Graves�� Disease	GD	
SRR13593020	PRJNA695309	Graves disease	1.0	41	female		China	V3-V4	FWD:CCTACGGGNGGCWGCAG;REV:GACTACHVGGGTATCTAATCC	Illumina MiSeq	Graves disease	Alterations of Gut Microbiota in Patients With Graves�� Disease	GD	
SRR13593021	PRJNA695309	Graves disease	1.0	61	male		China	V3-V4	FWD:CCTACGGGNGGCWGCAG;REV:GACTACHVGGGTATCTAATCC	Illumina MiSeq	Graves disease	Alterations of Gut Microbiota in Patients With Graves�� Disease	GD	
SRR13593022	PRJNA695309	Graves disease	1.0	37	male		China	V3-V4	FWD:CCTACGGGNGGCWGCAG;REV:GACTACHVGGGTATCTAATCC	Illumina MiSeq	Graves disease	Alterations of Gut Microbiota in Patients With Graves�� Disease	GD	
SRR13593023	PRJNA695309	Graves disease	1.0	63	female		China	V3-V4	FWD:CCTACGGGNGGCWGCAG;REV:GACTACHVGGGTATCTAATCC	Illumina MiSeq	Graves disease	Alterations of Gut Microbiota in Patients With Graves�� Disease	GD	
SRR13593024	PRJNA695309	Graves disease	1.0	44	female		China	V3-V4	FWD:CCTACGGGNGGCWGCAG;REV:GACTACHVGGGTATCTAATCC	Illumina MiSeq	Graves disease	Alterations of Gut Microbiota in Patients With Graves�� Disease	GD	
SRR13593025	PRJNA695309	Graves disease	1.0	38	female		China	V3-V4	FWD:CCTACGGGNGGCWGCAG;REV:GACTACHVGGGTATCTAATCC	Illumina MiSeq	Graves disease	Alterations of Gut Microbiota in Patients With Graves�� Disease	GD	
SRR13593026	PRJNA695309	Graves disease	1.0	53	male		China	V3-V4	FWD:CCTACGGGNGGCWGCAG;REV:GACTACHVGGGTATCTAATCC	Illumina MiSeq	Graves disease	Alterations of Gut Microbiota in Patients With Graves�� Disease	GD	
SRR13593027	PRJNA695309	Graves disease	1.0	22	female		China	V3-V4	FWD:CCTACGGGNGGCWGCAG;REV:GACTACHVGGGTATCTAATCC	Illumina MiSeq	Graves disease	Alterations of Gut Microbiota in Patients With Graves�� Disease	GD	
SRR13593028	PRJNA695309	Graves disease	1.0	40	female		China	V3-V4	FWD:CCTACGGGNGGCWGCAG;REV:GACTACHVGGGTATCTAATCC	Illumina MiSeq	Graves disease	Alterations of Gut Microbiota in Patients With Graves�� Disease	GD	
SRR13593029	PRJNA695309	Healthy control	0.0	57	female		China	V3-V4	FWD:CCTACGGGNGGCWGCAG;REV:GACTACHVGGGTATCTAATCC	Illumina MiSeq	Graves disease	Alterations of Gut Microbiota in Patients With Graves�� Disease	GD	
SRR13593030	PRJNA695309	Graves disease	1.0	42	female		China	V3-V4	FWD:CCTACGGGNGGCWGCAG;REV:GACTACHVGGGTATCTAATCC	Illumina MiSeq	Graves disease	Alterations of Gut Microbiota in Patients With Graves�� Disease	GD	
SRR13593031	PRJNA695309	Graves disease	1.0	55	male		China	V3-V4	FWD:CCTACGGGNGGCWGCAG;REV:GACTACHVGGGTATCTAATCC	Illumina MiSeq	Graves disease	Alterations of Gut Microbiota in Patients With Graves�� Disease	GD	
SRR13593032	PRJNA695309	Graves disease	1.0	49	male		China	V3-V4	FWD:CCTACGGGNGGCWGCAG;REV:GACTACHVGGGTATCTAATCC	Illumina MiSeq	Graves disease	Alterations of Gut Microbiota in Patients With Graves�� Disease	GD	
SRR13593033	PRJNA695309	Graves disease	1.0	48	female		China	V3-V4	FWD:CCTACGGGNGGCWGCAG;REV:GACTACHVGGGTATCTAATCC	Illumina MiSeq	Graves disease	Alterations of Gut Microbiota in Patients With Graves�� Disease	GD	
SRR13593034	PRJNA695309	Graves disease	1.0	32	female		China	V3-V4	FWD:CCTACGGGNGGCWGCAG;REV:GACTACHVGGGTATCTAATCC	Illumina MiSeq	Graves disease	Alterations of Gut Microbiota in Patients With Graves�� Disease	GD	
SRR13593035	PRJNA695309	Graves disease	1.0	25	female		China	V3-V4	FWD:CCTACGGGNGGCWGCAG;REV:GACTACHVGGGTATCTAATCC	Illumina MiSeq	Graves disease	Alterations of Gut Microbiota in Patients With Graves�� Disease	GD	
SRR13593036	PRJNA695309	Graves disease	1.0	42	male		China	V3-V4	FWD:CCTACGGGNGGCWGCAG;REV:GACTACHVGGGTATCTAATCC	Illumina MiSeq	Graves disease	Alterations of Gut Microbiota in Patients With Graves�� Disease	GD	
SRR13593037	PRJNA695309	Graves disease	1.0	59	female		China	V3-V4	FWD:CCTACGGGNGGCWGCAG;REV:GACTACHVGGGTATCTAATCC	Illumina MiSeq	Graves disease	Alterations of Gut Microbiota in Patients With Graves�� Disease	GD	
SRR13593038	PRJNA695309	Graves disease	1.0	23	female		China	V3-V4	FWD:CCTACGGGNGGCWGCAG;REV:GACTACHVGGGTATCTAATCC	Illumina MiSeq	Graves disease	Alterations of Gut Microbiota in Patients With Graves�� Disease	GD	
SRR13593039	PRJNA695309	Graves disease	1.0	33	female		China	V3-V4	FWD:CCTACGGGNGGCWGCAG;REV:GACTACHVGGGTATCTAATCC	Illumina MiSeq	Graves disease	Alterations of Gut Microbiota in Patients With Graves�� Disease	GD	
SRR13593040	PRJNA695309	Healthy control	0.0	30	male		China	V3-V4	FWD:CCTACGGGNGGCWGCAG;REV:GACTACHVGGGTATCTAATCC	Illumina MiSeq	Graves disease	Alterations of Gut Microbiota in Patients With Graves�� Disease	GD	
SRR13593041	PRJNA695309	Graves disease	1.0	34	female		China	V3-V4	FWD:CCTACGGGNGGCWGCAG;REV:GACTACHVGGGTATCTAATCC	Illumina MiSeq	Graves disease	Alterations of Gut Microbiota in Patients With Graves�� Disease	GD	
SRR13593042	PRJNA695309	Graves disease	1.0	41	male		China	V3-V4	FWD:CCTACGGGNGGCWGCAG;REV:GACTACHVGGGTATCTAATCC	Illumina MiSeq	Graves disease	Alterations of Gut Microbiota in Patients With Graves�� Disease	GD	
SRR13593043	PRJNA695309	Graves disease	1.0	54	female		China	V3-V4	FWD:CCTACGGGNGGCWGCAG;REV:GACTACHVGGGTATCTAATCC	Illumina MiSeq	Graves disease	Alterations of Gut Microbiota in Patients With Graves�� Disease	GD	
SRR13593044	PRJNA695309	Graves disease	1.0	45	male		China	V3-V4	FWD:CCTACGGGNGGCWGCAG;REV:GACTACHVGGGTATCTAATCC	Illumina MiSeq	Graves disease	Alterations of Gut Microbiota in Patients With Graves�� Disease	GD	
SRR13593045	PRJNA695309	Graves disease	1.0	27	male		China	V3-V4	FWD:CCTACGGGNGGCWGCAG;REV:GACTACHVGGGTATCTAATCC	Illumina MiSeq	Graves disease	Alterations of Gut Microbiota in Patients With Graves�� Disease	GD	
SRR13593046	PRJNA695309	Graves disease	1.0	72	female		China	V3-V4	FWD:CCTACGGGNGGCWGCAG;REV:GACTACHVGGGTATCTAATCC	Illumina MiSeq	Graves disease	Alterations of Gut Microbiota in Patients With Graves�� Disease	GD	
SRR13593047	PRJNA695309	Graves disease	1.0	35	female		China	V3-V4	FWD:CCTACGGGNGGCWGCAG;REV:GACTACHVGGGTATCTAATCC	Illumina MiSeq	Graves disease	Alterations of Gut Microbiota in Patients With Graves�� Disease	GD	
SRR13593048	PRJNA695309	Graves disease	1.0	45	male		China	V3-V4	FWD:CCTACGGGNGGCWGCAG;REV:GACTACHVGGGTATCTAATCC	Illumina MiSeq	Graves disease	Alterations of Gut Microbiota in Patients With Graves�� Disease	GD	
SRR13593049	PRJNA695309	Graves disease	1.0	34	female		China	V3-V4	FWD:CCTACGGGNGGCWGCAG;REV:GACTACHVGGGTATCTAATCC	Illumina MiSeq	Graves disease	Alterations of Gut Microbiota in Patients With Graves�� Disease	GD	
SRR13593050	PRJNA695309	Graves disease	1.0	53	male		China	V3-V4	FWD:CCTACGGGNGGCWGCAG;REV:GACTACHVGGGTATCTAATCC	Illumina MiSeq	Graves disease	Alterations of Gut Microbiota in Patients With Graves�� Disease	GD	
SRR13593051	PRJNA695309	Healthy control	0.0	45	female		China	V3-V4	FWD:CCTACGGGNGGCWGCAG;REV:GACTACHVGGGTATCTAATCC	Illumina MiSeq	Graves disease	Alterations of Gut Microbiota in Patients With Graves�� Disease	GD	
SRR13593052	PRJNA695309	Graves disease	1.0	40	female		China	V3-V4	FWD:CCTACGGGNGGCWGCAG;REV:GACTACHVGGGTATCTAATCC	Illumina MiSeq	Graves disease	Alterations of Gut Microbiota in Patients With Graves�� Disease	GD	
SRR13593053	PRJNA695309	Graves disease	1.0	49	female		China	V3-V4	FWD:CCTACGGGNGGCWGCAG;REV:GACTACHVGGGTATCTAATCC	Illumina MiSeq	Graves disease	Alterations of Gut Microbiota in Patients With Graves�� Disease	GD	
SRR13593054	PRJNA695309	Healthy control	0.0	37	male		China	V3-V4	FWD:CCTACGGGNGGCWGCAG;REV:GACTACHVGGGTATCTAATCC	Illumina MiSeq	Graves disease	Alterations of Gut Microbiota in Patients With Graves�� Disease	GD	
SRR13593055	PRJNA695309	Healthy control	0.0	38	male		China	V3-V4	FWD:CCTACGGGNGGCWGCAG;REV:GACTACHVGGGTATCTAATCC	Illumina MiSeq	Graves disease	Alterations of Gut Microbiota in Patients With Graves�� Disease	GD	
SRR13593056	PRJNA695309	Healthy control	0.0	48	female		China	V3-V4	FWD:CCTACGGGNGGCWGCAG;REV:GACTACHVGGGTATCTAATCC	Illumina MiSeq	Graves disease	Alterations of Gut Microbiota in Patients With Graves�� Disease	GD	
SRR13593057	PRJNA695309	Healthy control	0.0	34	female		China	V3-V4	FWD:CCTACGGGNGGCWGCAG;REV:GACTACHVGGGTATCTAATCC	Illumina MiSeq	Graves disease	Alterations of Gut Microbiota in Patients With Graves�� Disease	GD	
SRR13593058	PRJNA695309	Healthy control	0.0	34	female		China	V3-V4	FWD:CCTACGGGNGGCWGCAG;REV:GACTACHVGGGTATCTAATCC	Illumina MiSeq	Graves disease	Alterations of Gut Microbiota in Patients With Graves�� Disease	GD	
SRR13593059	PRJNA695309	Healthy control	0.0	43	female		China	V3-V4	FWD:CCTACGGGNGGCWGCAG;REV:GACTACHVGGGTATCTAATCC	Illumina MiSeq	Graves disease	Alterations of Gut Microbiota in Patients With Graves�� Disease	GD	
SRR13593060	PRJNA695309	Healthy control	0.0	41	female		China	V3-V4	FWD:CCTACGGGNGGCWGCAG;REV:GACTACHVGGGTATCTAATCC	Illumina MiSeq	Graves disease	Alterations of Gut Microbiota in Patients With Graves�� Disease	GD	
SRR13593061	PRJNA695309	Healthy control	0.0	31	female		China	V3-V4	FWD:CCTACGGGNGGCWGCAG;REV:GACTACHVGGGTATCTAATCC	Illumina MiSeq	Graves disease	Alterations of Gut Microbiota in Patients With Graves�� Disease	GD	
SRR13593062	PRJNA695309	Healthy control	0.0	52	male		China	V3-V4	FWD:CCTACGGGNGGCWGCAG;REV:GACTACHVGGGTATCTAATCC	Illumina MiSeq	Graves disease	Alterations of Gut Microbiota in Patients With Graves�� Disease	GD	
SRR13593063	PRJNA695309	Healthy control	0.0	33	female		China	V3-V4	FWD:CCTACGGGNGGCWGCAG;REV:GACTACHVGGGTATCTAATCC	Illumina MiSeq	Graves disease	Alterations of Gut Microbiota in Patients With Graves�� Disease	GD	
SRR13593064	PRJNA695309	Healthy control	0.0	62	male		China	V3-V4	FWD:CCTACGGGNGGCWGCAG;REV:GACTACHVGGGTATCTAATCC	Illumina MiSeq	Graves disease	Alterations of Gut Microbiota in Patients With Graves�� Disease	GD	
SRR13593065	PRJNA695309	Healthy control	0.0	34	female		China	V3-V4	FWD:CCTACGGGNGGCWGCAG;REV:GACTACHVGGGTATCTAATCC	Illumina MiSeq	Graves disease	Alterations of Gut Microbiota in Patients With Graves�� Disease	GD	
SRR13593066	PRJNA695309	Healthy control	0.0	39	female		China	V3-V4	FWD:CCTACGGGNGGCWGCAG;REV:GACTACHVGGGTATCTAATCC	Illumina MiSeq	Graves disease	Alterations of Gut Microbiota in Patients With Graves�� Disease	GD	
SRR13593067	PRJNA695309	Healthy control	0.0	29	male		China	V3-V4	FWD:CCTACGGGNGGCWGCAG;REV:GACTACHVGGGTATCTAATCC	Illumina MiSeq	Graves disease	Alterations of Gut Microbiota in Patients With Graves�� Disease	GD	
SRR13593068	PRJNA695309	Healthy control	0.0	43	male		China	V3-V4	FWD:CCTACGGGNGGCWGCAG;REV:GACTACHVGGGTATCTAATCC	Illumina MiSeq	Graves disease	Alterations of Gut Microbiota in Patients With Graves�� Disease	GD	
SRR13593069	PRJNA695309	Healthy control	0.0	33	male		China	V3-V4	FWD:CCTACGGGNGGCWGCAG;REV:GACTACHVGGGTATCTAATCC	Illumina MiSeq	Graves disease	Alterations of Gut Microbiota in Patients With Graves�� Disease	GD	
SRR13593070	PRJNA695309	Healthy control	0.0	47	male		China	V3-V4	FWD:CCTACGGGNGGCWGCAG;REV:GACTACHVGGGTATCTAATCC	Illumina MiSeq	Graves disease	Alterations of Gut Microbiota in Patients With Graves�� Disease	GD	
SRR13593071	PRJNA695309	Healthy control	0.0	48	male		China	V3-V4	FWD:CCTACGGGNGGCWGCAG;REV:GACTACHVGGGTATCTAATCC	Illumina MiSeq	Graves disease	Alterations of Gut Microbiota in Patients With Graves�� Disease	GD	
SRR13593072	PRJNA695309	Healthy control	0.0	46	male		China	V3-V4	FWD:CCTACGGGNGGCWGCAG;REV:GACTACHVGGGTATCTAATCC	Illumina MiSeq	Graves disease	Alterations of Gut Microbiota in Patients With Graves�� Disease	GD	
SRR13593073	PRJNA695309	Healthy control	0.0	31	female		China	V3-V4	FWD:CCTACGGGNGGCWGCAG;REV:GACTACHVGGGTATCTAATCC	Illumina MiSeq	Graves disease	Alterations of Gut Microbiota in Patients With Graves�� Disease	GD	
SRR13593074	PRJNA695309	Healthy control	0.0	62	male		China	V3-V4	FWD:CCTACGGGNGGCWGCAG;REV:GACTACHVGGGTATCTAATCC	Illumina MiSeq	Graves disease	Alterations of Gut Microbiota in Patients With Graves�� Disease	GD	
SRR13593075	PRJNA695309	Healthy control	0.0	34	female		China	V3-V4	FWD:CCTACGGGNGGCWGCAG;REV:GACTACHVGGGTATCTAATCC	Illumina MiSeq	Graves disease	Alterations of Gut Microbiota in Patients With Graves�� Disease	GD	
SRR13593076	PRJNA695309	Healthy control	0.0	26	female		China	V3-V4	FWD:CCTACGGGNGGCWGCAG;REV:GACTACHVGGGTATCTAATCC	Illumina MiSeq	Graves disease	Alterations of Gut Microbiota in Patients With Graves�� Disease	GD	
SRR13593077	PRJNA695309	Healthy control	0.0	44	male		China	V3-V4	FWD:CCTACGGGNGGCWGCAG;REV:GACTACHVGGGTATCTAATCC	Illumina MiSeq	Graves disease	Alterations of Gut Microbiota in Patients With Graves�� Disease	GD	
SRR13593078	PRJNA695309	Healthy control	0.0	45	female		China	V3-V4	FWD:CCTACGGGNGGCWGCAG;REV:GACTACHVGGGTATCTAATCC	Illumina MiSeq	Graves disease	Alterations of Gut Microbiota in Patients With Graves�� Disease	GD	
SRR13593079	PRJNA695309	Healthy control	0.0	40	male		China	V3-V4	FWD:CCTACGGGNGGCWGCAG;REV:GACTACHVGGGTATCTAATCC	Illumina MiSeq	Graves disease	Alterations of Gut Microbiota in Patients With Graves�� Disease	GD	
SRR13593080	PRJNA695309	Healthy control	0.0	48	female		China	V3-V4	FWD:CCTACGGGNGGCWGCAG;REV:GACTACHVGGGTATCTAATCC	Illumina MiSeq	Graves disease	Alterations of Gut Microbiota in Patients With Graves�� Disease	GD	
SRR13593081	PRJNA695309	Healthy control	0.0	53	male		China	V3-V4	FWD:CCTACGGGNGGCWGCAG;REV:GACTACHVGGGTATCTAATCC	Illumina MiSeq	Graves disease	Alterations of Gut Microbiota in Patients With Graves�� Disease	GD	
SRR13593082	PRJNA695309	Healthy control	0.0	58	female		China	V3-V4	FWD:CCTACGGGNGGCWGCAG;REV:GACTACHVGGGTATCTAATCC	Illumina MiSeq	Graves disease	Alterations of Gut Microbiota in Patients With Graves�� Disease	GD	
SRR13593083	PRJNA695309	Healthy control	0.0	27	male		China	V3-V4	FWD:CCTACGGGNGGCWGCAG;REV:GACTACHVGGGTATCTAATCC	Illumina MiSeq	Graves disease	Alterations of Gut Microbiota in Patients With Graves�� Disease	GD	
SRR13593084	PRJNA695309	Healthy control	0.0	35	female		China	V3-V4	FWD:CCTACGGGNGGCWGCAG;REV:GACTACHVGGGTATCTAATCC	Illumina MiSeq	Graves disease	Alterations of Gut Microbiota in Patients With Graves�� Disease	GD	
SRR13593085	PRJNA695309	Healthy control	0.0	42	male		China	V3-V4	FWD:CCTACGGGNGGCWGCAG;REV:GACTACHVGGGTATCTAATCC	Illumina MiSeq	Graves disease	Alterations of Gut Microbiota in Patients With Graves�� Disease	GD	
SRR13593086	PRJNA695309	Healthy control	0.0	49	female		China	V3-V4	FWD:CCTACGGGNGGCWGCAG;REV:GACTACHVGGGTATCTAATCC	Illumina MiSeq	Graves disease	Alterations of Gut Microbiota in Patients With Graves�� Disease	GD	
SRR13593087	PRJNA695309	Healthy control	0.0	55	female		China	V3-V4	FWD:CCTACGGGNGGCWGCAG;REV:GACTACHVGGGTATCTAATCC	Illumina MiSeq	Graves disease	Alterations of Gut Microbiota in Patients With Graves�� Disease	GD	
SRR13593088	PRJNA695309	Healthy control	0.0	56	female		China	V3-V4	FWD:CCTACGGGNGGCWGCAG;REV:GACTACHVGGGTATCTAATCC	Illumina MiSeq	Graves disease	Alterations of Gut Microbiota in Patients With Graves�� Disease	GD	
SRR13593089	PRJNA695309	Healthy control	0.0	41	female		China	V3-V4	FWD:CCTACGGGNGGCWGCAG;REV:GACTACHVGGGTATCTAATCC	Illumina MiSeq	Graves disease	Alterations of Gut Microbiota in Patients With Graves�� Disease	GD	
SRR13593090	PRJNA695309	Healthy control	0.0	31	female		China	V3-V4	FWD:CCTACGGGNGGCWGCAG;REV:GACTACHVGGGTATCTAATCC	Illumina MiSeq	Graves disease	Alterations of Gut Microbiota in Patients With Graves�� Disease	GD	
SRR13593091	PRJNA695309	Healthy control	0.0	53	male		China	V3-V4	FWD:CCTACGGGNGGCWGCAG;REV:GACTACHVGGGTATCTAATCC	Illumina MiSeq	Graves disease	Alterations of Gut Microbiota in Patients With Graves�� Disease	GD	
SRR13593092	PRJNA695309	Healthy control	0.0	49	female		China	V3-V4	FWD:CCTACGGGNGGCWGCAG;REV:GACTACHVGGGTATCTAATCC	Illumina MiSeq	Graves disease	Alterations of Gut Microbiota in Patients With Graves�� Disease	GD	
SRR13593093	PRJNA695309	Healthy control	0.0	46	female		China	V3-V4	FWD:CCTACGGGNGGCWGCAG;REV:GACTACHVGGGTATCTAATCC	Illumina MiSeq	Graves disease	Alterations of Gut Microbiota in Patients With Graves�� Disease	GD	
SRR13593094	PRJNA695309	Graves disease	1.0	61	female		China	V3-V4	FWD:CCTACGGGNGGCWGCAG;REV:GACTACHVGGGTATCTAATCC	Illumina MiSeq	Graves disease	Alterations of Gut Microbiota in Patients With Graves�� Disease	GD	
SRR13593095	PRJNA695309	Graves disease	1.0	55	male		China	V3-V4	FWD:CCTACGGGNGGCWGCAG;REV:GACTACHVGGGTATCTAATCC	Illumina MiSeq	Graves disease	Alterations of Gut Microbiota in Patients With Graves�� Disease	GD	
SRR13593096	PRJNA695309	Graves disease	1.0	38	female		China	V3-V4	FWD:CCTACGGGNGGCWGCAG;REV:GACTACHVGGGTATCTAATCC	Illumina MiSeq	Graves disease	Alterations of Gut Microbiota in Patients With Graves�� Disease	GD	
SRR13593097	PRJNA695309	Healthy control	0.0	40	female		China	V3-V4	FWD:CCTACGGGNGGCWGCAG;REV:GACTACHVGGGTATCTAATCC	Illumina MiSeq	Graves disease	Alterations of Gut Microbiota in Patients With Graves�� Disease	GD	
SRR13593098	PRJNA695309	Healthy control	0.0	27	female		China	V3-V4	FWD:CCTACGGGNGGCWGCAG;REV:GACTACHVGGGTATCTAATCC	Illumina MiSeq	Graves disease	Alterations of Gut Microbiota in Patients With Graves�� Disease	GD	
SRR13593099	PRJNA695309	Healthy control	0.0	40	female		China	V3-V4	FWD:CCTACGGGNGGCWGCAG;REV:GACTACHVGGGTATCTAATCC	Illumina MiSeq	Graves disease	Alterations of Gut Microbiota in Patients With Graves�� Disease	GD	
SRR19749385	PRJNA850658	Graves disease	1.0		male		China	V3-V4	FWD:CCTACGGGNGGCWGCAG;REV:GACTACHVGGGTATCTAATCC	Illumina MiSeq	Graves disease	Correlation between gut microbiota and the development of Graves�� disease: A prospective study	GD	
SRR19749386	PRJNA850658	Graves disease	1.0		female		China	V3-V4	FWD:CCTACGGGNGGCWGCAG;REV:GACTACHVGGGTATCTAATCC	Illumina MiSeq	Graves disease	Correlation between gut microbiota and the development of Graves�� disease: A prospective study	GD	
SRR19749387	PRJNA850658	Graves disease	1.0		male		China	V3-V4	FWD:CCTACGGGNGGCWGCAG;REV:GACTACHVGGGTATCTAATCC	Illumina MiSeq	Graves disease	Correlation between gut microbiota and the development of Graves�� disease: A prospective study	GD	
SRR19749388	PRJNA850658	Graves disease	1.0		female		China	V3-V4	FWD:CCTACGGGNGGCWGCAG;REV:GACTACHVGGGTATCTAATCC	Illumina MiSeq	Graves disease	Correlation between gut microbiota and the development of Graves�� disease: A prospective study	GD	
SRR19749389	PRJNA850658	Graves disease	1.0		female		China	V3-V4	FWD:CCTACGGGNGGCWGCAG;REV:GACTACHVGGGTATCTAATCC	Illumina MiSeq	Graves disease	Correlation between gut microbiota and the development of Graves�� disease: A prospective study	GD	
SRR19749390	PRJNA850658	Graves disease	1.0		female		China	V3-V4	FWD:CCTACGGGNGGCWGCAG;REV:GACTACHVGGGTATCTAATCC	Illumina MiSeq	Graves disease	Correlation between gut microbiota and the development of Graves�� disease: A prospective study	GD	
SRR19749391	PRJNA850658	Graves disease	1.0		male		China	V3-V4	FWD:CCTACGGGNGGCWGCAG;REV:GACTACHVGGGTATCTAATCC	Illumina MiSeq	Graves disease	Correlation between gut microbiota and the development of Graves�� disease: A prospective study	GD	
SRR19749392	PRJNA850658	Graves disease	1.0		male		China	V3-V4	FWD:CCTACGGGNGGCWGCAG;REV:GACTACHVGGGTATCTAATCC	Illumina MiSeq	Graves disease	Correlation between gut microbiota and the development of Graves�� disease: A prospective study	GD	
SRR19749393	PRJNA850658	Healthy control	0.0		male		China	V3-V4	FWD:CCTACGGGNGGCWGCAG;REV:GACTACHVGGGTATCTAATCC	Illumina MiSeq	Graves disease	Correlation between gut microbiota and the development of Graves�� disease: A prospective study	GD	
SRR19749394	PRJNA850658	Graves disease	1.0		female		China	V3-V4	FWD:CCTACGGGNGGCWGCAG;REV:GACTACHVGGGTATCTAATCC	Illumina MiSeq	Graves disease	Correlation between gut microbiota and the development of Graves�� disease: A prospective study	GD	
SRR19749395	PRJNA850658	Graves disease	1.0		female		China	V3-V4	FWD:CCTACGGGNGGCWGCAG;REV:GACTACHVGGGTATCTAATCC	Illumina MiSeq	Graves disease	Correlation between gut microbiota and the development of Graves�� disease: A prospective study	GD	
SRR19749396	PRJNA850658	Graves disease	1.0		female		China	V3-V4	FWD:CCTACGGGNGGCWGCAG;REV:GACTACHVGGGTATCTAATCC	Illumina MiSeq	Graves disease	Correlation between gut microbiota and the development of Graves�� disease: A prospective study	GD	
SRR19749397	PRJNA850658	Graves disease	1.0		female		China	V3-V4	FWD:CCTACGGGNGGCWGCAG;REV:GACTACHVGGGTATCTAATCC	Illumina MiSeq	Graves disease	Correlation between gut microbiota and the development of Graves�� disease: A prospective study	GD	
SRR19749398	PRJNA850658	Graves disease	1.0		male		China	V3-V4	FWD:CCTACGGGNGGCWGCAG;REV:GACTACHVGGGTATCTAATCC	Illumina MiSeq	Graves disease	Correlation between gut microbiota and the development of Graves�� disease: A prospective study	GD	
SRR19749399	PRJNA850658	Graves disease	1.0		female		China	V3-V4	FWD:CCTACGGGNGGCWGCAG;REV:GACTACHVGGGTATCTAATCC	Illumina MiSeq	Graves disease	Correlation between gut microbiota and the development of Graves�� disease: A prospective study	GD	
SRR19749400	PRJNA850658	Graves disease	1.0		male		China	V3-V4	FWD:CCTACGGGNGGCWGCAG;REV:GACTACHVGGGTATCTAATCC	Illumina MiSeq	Graves disease	Correlation between gut microbiota and the development of Graves�� disease: A prospective study	GD	
SRR19749401	PRJNA850658	Graves disease	1.0		female		China	V3-V4	FWD:CCTACGGGNGGCWGCAG;REV:GACTACHVGGGTATCTAATCC	Illumina MiSeq	Graves disease	Correlation between gut microbiota and the development of Graves�� disease: A prospective study	GD	
SRR19749402	PRJNA850658	Graves disease	1.0		male		China	V3-V4	FWD:CCTACGGGNGGCWGCAG;REV:GACTACHVGGGTATCTAATCC	Illumina MiSeq	Graves disease	Correlation between gut microbiota and the development of Graves�� disease: A prospective study	GD	
SRR19749403	PRJNA850658	Graves disease	1.0		male		China	V3-V4	FWD:CCTACGGGNGGCWGCAG;REV:GACTACHVGGGTATCTAATCC	Illumina MiSeq	Graves disease	Correlation between gut microbiota and the development of Graves�� disease: A prospective study	GD	
SRR19749404	PRJNA850658	Healthy control	0.0		female		China	V3-V4	FWD:CCTACGGGNGGCWGCAG;REV:GACTACHVGGGTATCTAATCC	Illumina MiSeq	Graves disease	Correlation between gut microbiota and the development of Graves�� disease: A prospective study	GD	
SRR19749405	PRJNA850658	Graves disease	1.0		female		China	V3-V4	FWD:CCTACGGGNGGCWGCAG;REV:GACTACHVGGGTATCTAATCC	Illumina MiSeq	Graves disease	Correlation between gut microbiota and the development of Graves�� disease: A prospective study	GD	
SRR19749406	PRJNA850658	Graves disease	1.0		female		China	V3-V4	FWD:CCTACGGGNGGCWGCAG;REV:GACTACHVGGGTATCTAATCC	Illumina MiSeq	Graves disease	Correlation between gut microbiota and the development of Graves�� disease: A prospective study	GD	
SRR19749407	PRJNA850658	Graves disease	1.0		female		China	V3-V4	FWD:CCTACGGGNGGCWGCAG;REV:GACTACHVGGGTATCTAATCC	Illumina MiSeq	Graves disease	Correlation between gut microbiota and the development of Graves�� disease: A prospective study	GD	
SRR19749408	PRJNA850658	Graves disease	1.0		female		China	V3-V4	FWD:CCTACGGGNGGCWGCAG;REV:GACTACHVGGGTATCTAATCC	Illumina MiSeq	Graves disease	Correlation between gut microbiota and the development of Graves�� disease: A prospective study	GD	
SRR19749409	PRJNA850658	Graves disease	1.0		female		China	V3-V4	FWD:CCTACGGGNGGCWGCAG;REV:GACTACHVGGGTATCTAATCC	Illumina MiSeq	Graves disease	Correlation between gut microbiota and the development of Graves�� disease: A prospective study	GD	
SRR19749410	PRJNA850658	Graves disease	1.0		male		China	V3-V4	FWD:CCTACGGGNGGCWGCAG;REV:GACTACHVGGGTATCTAATCC	Illumina MiSeq	Graves disease	Correlation between gut microbiota and the development of Graves�� disease: A prospective study	GD	
SRR19749411	PRJNA850658	Graves disease	1.0		female		China	V3-V4	FWD:CCTACGGGNGGCWGCAG;REV:GACTACHVGGGTATCTAATCC	Illumina MiSeq	Graves disease	Correlation between gut microbiota and the development of Graves�� disease: A prospective study	GD	
SRR19749412	PRJNA850658	Graves disease	1.0		male		China	V3-V4	FWD:CCTACGGGNGGCWGCAG;REV:GACTACHVGGGTATCTAATCC	Illumina MiSeq	Graves disease	Correlation between gut microbiota and the development of Graves�� disease: A prospective study	GD	
SRR19749413	PRJNA850658	Graves disease	1.0		male		China	V3-V4	FWD:CCTACGGGNGGCWGCAG;REV:GACTACHVGGGTATCTAATCC	Illumina MiSeq	Graves disease	Correlation between gut microbiota and the development of Graves�� disease: A prospective study	GD	
SRR19749414	PRJNA850658	Graves disease	1.0		male		China	V3-V4	FWD:CCTACGGGNGGCWGCAG;REV:GACTACHVGGGTATCTAATCC	Illumina MiSeq	Graves disease	Correlation between gut microbiota and the development of Graves�� disease: A prospective study	GD	
SRR19749415	PRJNA850658	Healthy control	0.0		female		China	V3-V4	FWD:CCTACGGGNGGCWGCAG;REV:GACTACHVGGGTATCTAATCC	Illumina MiSeq	Graves disease	Correlation between gut microbiota and the development of Graves�� disease: A prospective study	GD	
SRR19749416	PRJNA850658	Graves disease	1.0		female		China	V3-V4	FWD:CCTACGGGNGGCWGCAG;REV:GACTACHVGGGTATCTAATCC	Illumina MiSeq	Graves disease	Correlation between gut microbiota and the development of Graves�� disease: A prospective study	GD	
SRR19749417	PRJNA850658	Graves disease	1.0		male		China	V3-V4	FWD:CCTACGGGNGGCWGCAG;REV:GACTACHVGGGTATCTAATCC	Illumina MiSeq	Graves disease	Correlation between gut microbiota and the development of Graves�� disease: A prospective study	GD	
SRR19749418	PRJNA850658	Graves disease	1.0		female		China	V3-V4	FWD:CCTACGGGNGGCWGCAG;REV:GACTACHVGGGTATCTAATCC	Illumina MiSeq	Graves disease	Correlation between gut microbiota and the development of Graves�� disease: A prospective study	GD	
SRR19749419	PRJNA850658	Graves disease	1.0		male		China	V3-V4	FWD:CCTACGGGNGGCWGCAG;REV:GACTACHVGGGTATCTAATCC	Illumina MiSeq	Graves disease	Correlation between gut microbiota and the development of Graves�� disease: A prospective study	GD	
SRR19749420	PRJNA850658	Graves disease	1.0		female		China	V3-V4	FWD:CCTACGGGNGGCWGCAG;REV:GACTACHVGGGTATCTAATCC	Illumina MiSeq	Graves disease	Correlation between gut microbiota and the development of Graves�� disease: A prospective study	GD	
SRR19749421	PRJNA850658	Graves disease	1.0		female		China	V3-V4	FWD:CCTACGGGNGGCWGCAG;REV:GACTACHVGGGTATCTAATCC	Illumina MiSeq	Graves disease	Correlation between gut microbiota and the development of Graves�� disease: A prospective study	GD	
SRR19749422	PRJNA850658	Graves disease	1.0		female		China	V3-V4	FWD:CCTACGGGNGGCWGCAG;REV:GACTACHVGGGTATCTAATCC	Illumina MiSeq	Graves disease	Correlation between gut microbiota and the development of Graves�� disease: A prospective study	GD	
SRR19749423	PRJNA850658	Graves disease	1.0		female		China	V3-V4	FWD:CCTACGGGNGGCWGCAG;REV:GACTACHVGGGTATCTAATCC	Illumina MiSeq	Graves disease	Correlation between gut microbiota and the development of Graves�� disease: A prospective study	GD	
SRR19749424	PRJNA850658	Healthy control	0.0		male		China	V3-V4	FWD:CCTACGGGNGGCWGCAG;REV:GACTACHVGGGTATCTAATCC	Illumina MiSeq	Graves disease	Correlation between gut microbiota and the development of Graves�� disease: A prospective study	GD	
SRR19749425	PRJNA850658	Healthy control	0.0		male		China	V3-V4	FWD:CCTACGGGNGGCWGCAG;REV:GACTACHVGGGTATCTAATCC	Illumina MiSeq	Graves disease	Correlation between gut microbiota and the development of Graves�� disease: A prospective study	GD	
SRR19749426	PRJNA850658	Healthy control	0.0		female		China	V3-V4	FWD:CCTACGGGNGGCWGCAG;REV:GACTACHVGGGTATCTAATCC	Illumina MiSeq	Graves disease	Correlation between gut microbiota and the development of Graves�� disease: A prospective study	GD	
SRR19749427	PRJNA850658	Healthy control	0.0		female		China	V3-V4	FWD:CCTACGGGNGGCWGCAG;REV:GACTACHVGGGTATCTAATCC	Illumina MiSeq	Graves disease	Correlation between gut microbiota and the development of Graves�� disease: A prospective study	GD	
SRR19749428	PRJNA850658	Healthy control	0.0		male		China	V3-V4	FWD:CCTACGGGNGGCWGCAG;REV:GACTACHVGGGTATCTAATCC	Illumina MiSeq	Graves disease	Correlation between gut microbiota and the development of Graves�� disease: A prospective study	GD	
SRR19749429	PRJNA850658	Healthy control	0.0		female		China	V3-V4	FWD:CCTACGGGNGGCWGCAG;REV:GACTACHVGGGTATCTAATCC	Illumina MiSeq	Graves disease	Correlation between gut microbiota and the development of Graves�� disease: A prospective study	GD	
SRR19749430	PRJNA850658	Healthy control	0.0		female		China	V3-V4	FWD:CCTACGGGNGGCWGCAG;REV:GACTACHVGGGTATCTAATCC	Illumina MiSeq	Graves disease	Correlation between gut microbiota and the development of Graves�� disease: A prospective study	GD	
SRR19749431	PRJNA850658	Healthy control	0.0		female		China	V3-V4	FWD:CCTACGGGNGGCWGCAG;REV:GACTACHVGGGTATCTAATCC	Illumina MiSeq	Graves disease	Correlation between gut microbiota and the development of Graves�� disease: A prospective study	GD	
SRR19749432	PRJNA850658	Healthy control	0.0		female		China	V3-V4	FWD:CCTACGGGNGGCWGCAG;REV:GACTACHVGGGTATCTAATCC	Illumina MiSeq	Graves disease	Correlation between gut microbiota and the development of Graves�� disease: A prospective study	GD	
SRR19749433	PRJNA850658	Healthy control	0.0		female		China	V3-V4	FWD:CCTACGGGNGGCWGCAG;REV:GACTACHVGGGTATCTAATCC	Illumina MiSeq	Graves disease	Correlation between gut microbiota and the development of Graves�� disease: A prospective study	GD	
SRR19749434	PRJNA850658	Healthy control	0.0		female		China	V3-V4	FWD:CCTACGGGNGGCWGCAG;REV:GACTACHVGGGTATCTAATCC	Illumina MiSeq	Graves disease	Correlation between gut microbiota and the development of Graves�� disease: A prospective study	GD	
SRR19749435	PRJNA850658	Healthy control	0.0		female		China	V3-V4	FWD:CCTACGGGNGGCWGCAG;REV:GACTACHVGGGTATCTAATCC	Illumina MiSeq	Graves disease	Correlation between gut microbiota and the development of Graves�� disease: A prospective study	GD	
SRR19749436	PRJNA850658	Healthy control	0.0		male		China	V3-V4	FWD:CCTACGGGNGGCWGCAG;REV:GACTACHVGGGTATCTAATCC	Illumina MiSeq	Graves disease	Correlation between gut microbiota and the development of Graves�� disease: A prospective study	GD	
SRR19749437	PRJNA850658	Healthy control	0.0		female		China	V3-V4	FWD:CCTACGGGNGGCWGCAG;REV:GACTACHVGGGTATCTAATCC	Illumina MiSeq	Graves disease	Correlation between gut microbiota and the development of Graves�� disease: A prospective study	GD	
SRR19749438	PRJNA850658	Healthy control	0.0		male		China	V3-V4	FWD:CCTACGGGNGGCWGCAG;REV:GACTACHVGGGTATCTAATCC	Illumina MiSeq	Graves disease	Correlation between gut microbiota and the development of Graves�� disease: A prospective study	GD	
SRR19749439	PRJNA850658	Healthy control	0.0		male		China	V3-V4	FWD:CCTACGGGNGGCWGCAG;REV:GACTACHVGGGTATCTAATCC	Illumina MiSeq	Graves disease	Correlation between gut microbiota and the development of Graves�� disease: A prospective study	GD	
SRR19749440	PRJNA850658	Healthy control	0.0		female		China	V3-V4	FWD:CCTACGGGNGGCWGCAG;REV:GACTACHVGGGTATCTAATCC	Illumina MiSeq	Graves disease	Correlation between gut microbiota and the development of Graves�� disease: A prospective study	GD	
SRR19749441	PRJNA850658	Healthy control	0.0		female		China	V3-V4	FWD:CCTACGGGNGGCWGCAG;REV:GACTACHVGGGTATCTAATCC	Illumina MiSeq	Graves disease	Correlation between gut microbiota and the development of Graves�� disease: A prospective study	GD	
SRR19749442	PRJNA850658	Healthy control	0.0		female		China	V3-V4	FWD:CCTACGGGNGGCWGCAG;REV:GACTACHVGGGTATCTAATCC	Illumina MiSeq	Graves disease	Correlation between gut microbiota and the development of Graves�� disease: A prospective study	GD	
SRR19749443	PRJNA850658	Healthy control	0.0		male		China	V3-V4	FWD:CCTACGGGNGGCWGCAG;REV:GACTACHVGGGTATCTAATCC	Illumina MiSeq	Graves disease	Correlation between gut microbiota and the development of Graves�� disease: A prospective study	GD	
SRR19749444	PRJNA850658	Healthy control	0.0		female		China	V3-V4	FWD:CCTACGGGNGGCWGCAG;REV:GACTACHVGGGTATCTAATCC	Illumina MiSeq	Graves disease	Correlation between gut microbiota and the development of Graves�� disease: A prospective study	GD	
SRR19749450	PRJNA850658	Graves disease	1.0		female		China	V3-V4	FWD:CCTACGGGNGGCWGCAG;REV:GACTACHVGGGTATCTAATCC	Illumina MiSeq	Graves disease	Correlation between gut microbiota and the development of Graves�� disease: A prospective study	GD	
SRR19749451	PRJNA850658	Graves disease	1.0		female		China	V3-V4	FWD:CCTACGGGNGGCWGCAG;REV:GACTACHVGGGTATCTAATCC	Illumina MiSeq	Graves disease	Correlation between gut microbiota and the development of Graves�� disease: A prospective study	GD	
SRR19749452	PRJNA850658	Graves disease	1.0		female		China	V3-V4	FWD:CCTACGGGNGGCWGCAG;REV:GACTACHVGGGTATCTAATCC	Illumina MiSeq	Graves disease	Correlation between gut microbiota and the development of Graves�� disease: A prospective study	GD	
SRR19749453	PRJNA850658	Graves disease	1.0		female		China	V3-V4	FWD:CCTACGGGNGGCWGCAG;REV:GACTACHVGGGTATCTAATCC	Illumina MiSeq	Graves disease	Correlation between gut microbiota and the development of Graves�� disease: A prospective study	GD	
SRR19749454	PRJNA850658	Graves disease	1.0		female		China	V3-V4	FWD:CCTACGGGNGGCWGCAG;REV:GACTACHVGGGTATCTAATCC	Illumina MiSeq	Graves disease	Correlation between gut microbiota and the development of Graves�� disease: A prospective study	GD	
SRR19749455	PRJNA850658	Graves disease	1.0		male		China	V3-V4	FWD:CCTACGGGNGGCWGCAG;REV:GACTACHVGGGTATCTAATCC	Illumina MiSeq	Graves disease	Correlation between gut microbiota and the development of Graves�� disease: A prospective study	GD	
SRR19749456	PRJNA850658	Graves disease	1.0		female		China	V3-V4	FWD:CCTACGGGNGGCWGCAG;REV:GACTACHVGGGTATCTAATCC	Illumina MiSeq	Graves disease	Correlation between gut microbiota and the development of Graves�� disease: A prospective study	GD	
SRR19749457	PRJNA850658	Graves disease	1.0		female		China	V3-V4	FWD:CCTACGGGNGGCWGCAG;REV:GACTACHVGGGTATCTAATCC	Illumina MiSeq	Graves disease	Correlation between gut microbiota and the development of Graves�� disease: A prospective study	GD	
SRR19749458	PRJNA850658	Healthy control	0.0		male		China	V3-V4	FWD:CCTACGGGNGGCWGCAG;REV:GACTACHVGGGTATCTAATCC	Illumina MiSeq	Graves disease	Correlation between gut microbiota and the development of Graves�� disease: A prospective study	GD	
SRR19749459	PRJNA850658	Graves disease	1.0		female		China	V3-V4	FWD:CCTACGGGNGGCWGCAG;REV:GACTACHVGGGTATCTAATCC	Illumina MiSeq	Graves disease	Correlation between gut microbiota and the development of Graves�� disease: A prospective study	GD	
SRR19749460	PRJNA850658	Graves disease	1.0		female		China	V3-V4	FWD:CCTACGGGNGGCWGCAG;REV:GACTACHVGGGTATCTAATCC	Illumina MiSeq	Graves disease	Correlation between gut microbiota and the development of Graves�� disease: A prospective study	GD	
SRR19749461	PRJNA850658	Graves disease	1.0		female		China	V3-V4	FWD:CCTACGGGNGGCWGCAG;REV:GACTACHVGGGTATCTAATCC	Illumina MiSeq	Graves disease	Correlation between gut microbiota and the development of Graves�� disease: A prospective study	GD	
SRR19749462	PRJNA850658	Graves disease	1.0		male		China	V3-V4	FWD:CCTACGGGNGGCWGCAG;REV:GACTACHVGGGTATCTAATCC	Illumina MiSeq	Graves disease	Correlation between gut microbiota and the development of Graves�� disease: A prospective study	GD	
SRR19749463	PRJNA850658	Graves disease	1.0		male		China	V3-V4	FWD:CCTACGGGNGGCWGCAG;REV:GACTACHVGGGTATCTAATCC	Illumina MiSeq	Graves disease	Correlation between gut microbiota and the development of Graves�� disease: A prospective study	GD	
SRR19749464	PRJNA850658	Graves disease	1.0		female		China	V3-V4	FWD:CCTACGGGNGGCWGCAG;REV:GACTACHVGGGTATCTAATCC	Illumina MiSeq	Graves disease	Correlation between gut microbiota and the development of Graves�� disease: A prospective study	GD	
SRR19749465	PRJNA850658	Graves disease	1.0		female		China	V3-V4	FWD:CCTACGGGNGGCWGCAG;REV:GACTACHVGGGTATCTAATCC	Illumina MiSeq	Graves disease	Correlation between gut microbiota and the development of Graves�� disease: A prospective study	GD	
SRR19749466	PRJNA850658	Graves disease	1.0		female		China	V3-V4	FWD:CCTACGGGNGGCWGCAG;REV:GACTACHVGGGTATCTAATCC	Illumina MiSeq	Graves disease	Correlation between gut microbiota and the development of Graves�� disease: A prospective study	GD	
SRR19749467	PRJNA850658	Graves disease	1.0		female		China	V3-V4	FWD:CCTACGGGNGGCWGCAG;REV:GACTACHVGGGTATCTAATCC	Illumina MiSeq	Graves disease	Correlation between gut microbiota and the development of Graves�� disease: A prospective study	GD	
SRR19749468	PRJNA850658	Graves disease	1.0		female		China	V3-V4	FWD:CCTACGGGNGGCWGCAG;REV:GACTACHVGGGTATCTAATCC	Illumina MiSeq	Graves disease	Correlation between gut microbiota and the development of Graves�� disease: A prospective study	GD	
SRR19749469	PRJNA850658	Healthy control	0.0		male		China	V3-V4	FWD:CCTACGGGNGGCWGCAG;REV:GACTACHVGGGTATCTAATCC	Illumina MiSeq	Graves disease	Correlation between gut microbiota and the development of Graves�� disease: A prospective study	GD	
SRR19749470	PRJNA850658	Graves disease	1.0		female		China	V3-V4	FWD:CCTACGGGNGGCWGCAG;REV:GACTACHVGGGTATCTAATCC	Illumina MiSeq	Graves disease	Correlation between gut microbiota and the development of Graves�� disease: A prospective study	GD	
SRR19749471	PRJNA850658	Graves disease	1.0		female		China	V3-V4	FWD:CCTACGGGNGGCWGCAG;REV:GACTACHVGGGTATCTAATCC	Illumina MiSeq	Graves disease	Correlation between gut microbiota and the development of Graves�� disease: A prospective study	GD	
SRR19749472	PRJNA850658	Graves disease	1.0		female		China	V3-V4	FWD:CCTACGGGNGGCWGCAG;REV:GACTACHVGGGTATCTAATCC	Illumina MiSeq	Graves disease	Correlation between gut microbiota and the development of Graves�� disease: A prospective study	GD	
SRR19749473	PRJNA850658	Graves disease	1.0		female		China	V3-V4	FWD:CCTACGGGNGGCWGCAG;REV:GACTACHVGGGTATCTAATCC	Illumina MiSeq	Graves disease	Correlation between gut microbiota and the development of Graves�� disease: A prospective study	GD	
SRR19749474	PRJNA850658	Graves disease	1.0		female		China	V3-V4	FWD:CCTACGGGNGGCWGCAG;REV:GACTACHVGGGTATCTAATCC	Illumina MiSeq	Graves disease	Correlation between gut microbiota and the development of Graves�� disease: A prospective study	GD	
SRR19749475	PRJNA850658	Graves disease	1.0		female		China	V3-V4	FWD:CCTACGGGNGGCWGCAG;REV:GACTACHVGGGTATCTAATCC	Illumina MiSeq	Graves disease	Correlation between gut microbiota and the development of Graves�� disease: A prospective study	GD	
SRR19749476	PRJNA850658	Graves disease	1.0		female		China	V3-V4	FWD:CCTACGGGNGGCWGCAG;REV:GACTACHVGGGTATCTAATCC	Illumina MiSeq	Graves disease	Correlation between gut microbiota and the development of Graves�� disease: A prospective study	GD	
SRR19749477	PRJNA850658	Graves disease	1.0		male		China	V3-V4	FWD:CCTACGGGNGGCWGCAG;REV:GACTACHVGGGTATCTAATCC	Illumina MiSeq	Graves disease	Correlation between gut microbiota and the development of Graves�� disease: A prospective study	GD	
SRR19749478	PRJNA850658	Graves disease	1.0		female		China	V3-V4	FWD:CCTACGGGNGGCWGCAG;REV:GACTACHVGGGTATCTAATCC	Illumina MiSeq	Graves disease	Correlation between gut microbiota and the development of Graves�� disease: A prospective study	GD	
SRR19749479	PRJNA850658	Graves disease	1.0		female		China	V3-V4	FWD:CCTACGGGNGGCWGCAG;REV:GACTACHVGGGTATCTAATCC	Illumina MiSeq	Graves disease	Correlation between gut microbiota and the development of Graves�� disease: A prospective study	GD	
SRR19749480	PRJNA850658	Healthy control	0.0		female		China	V3-V4	FWD:CCTACGGGNGGCWGCAG;REV:GACTACHVGGGTATCTAATCC	Illumina MiSeq	Graves disease	Correlation between gut microbiota and the development of Graves�� disease: A prospective study	GD	
SRR19749481	PRJNA850658	Graves disease	1.0		female		China	V3-V4	FWD:CCTACGGGNGGCWGCAG;REV:GACTACHVGGGTATCTAATCC	Illumina MiSeq	Graves disease	Correlation between gut microbiota and the development of Graves�� disease: A prospective study	GD	
SRR19749482	PRJNA850658	Healthy control	0.0		female		China	V3-V4	FWD:CCTACGGGNGGCWGCAG;REV:GACTACHVGGGTATCTAATCC	Illumina MiSeq	Graves disease	Correlation between gut microbiota and the development of Graves�� disease: A prospective study	GD	
SRR19749493	PRJNA850658	Healthy control	0.0		female		China	V3-V4	FWD:CCTACGGGNGGCWGCAG;REV:GACTACHVGGGTATCTAATCC	Illumina MiSeq	Graves disease	Correlation between gut microbiota and the development of Graves�� disease: A prospective study	GD	
SRR19749504	PRJNA850658	Healthy control	0.0		female		China	V3-V4	FWD:CCTACGGGNGGCWGCAG;REV:GACTACHVGGGTATCTAATCC	Illumina MiSeq	Graves disease	Correlation between gut microbiota and the development of Graves�� disease: A prospective study	GD	
SRR19749515	PRJNA850658	Healthy control	0.0		female		China	V3-V4	FWD:CCTACGGGNGGCWGCAG;REV:GACTACHVGGGTATCTAATCC	Illumina MiSeq	Graves disease	Correlation between gut microbiota and the development of Graves�� disease: A prospective study	GD	
SRR19749516	PRJNA850658	Healthy control	0.0		female		China	V3-V4	FWD:CCTACGGGNGGCWGCAG;REV:GACTACHVGGGTATCTAATCC	Illumina MiSeq	Graves disease	Correlation between gut microbiota and the development of Graves�� disease: A prospective study	GD	
SRR19749517	PRJNA850658	Healthy control	0.0		female		China	V3-V4	FWD:CCTACGGGNGGCWGCAG;REV:GACTACHVGGGTATCTAATCC	Illumina MiSeq	Graves disease	Correlation between gut microbiota and the development of Graves�� disease: A prospective study	GD	
